"datatime","mese","data","ora","tair","rhum","watertemp","volt","voltLiPo","solar1","solar2","RPMTops","RPMLast","pp","ppLast","interpolate","id"
2015-07-25 14:55:00,7,25,14,31.8,50.2,31.68,12.705,4.29,104,0,0,0,0,0,0,"013949009983688"
2015-07-25 15:01:00,7,25,15,31.8,50.5,31.68,12.6775,4.29,105,0,0.00335995,0,1.576,0,0,"013949009983688"
2015-07-25 15:07:00,7,25,15,31.5,51.8,30.92,12.6775,4.29,274,0,0,0,0,0,0,"013949009983688"
2015-07-25 15:12:00,7,25,15,31.4,52.5,30.69,12.6775,4.29,274,0,0.00274905,0,0,0,0,"013949009983688"
2015-07-25 17:05:00,7,25,17,31.1,54,30.26,12.6775,4.29,286,0,0,0,0,0,0,"013949009983688"
2015-07-25 17:11:00,7,25,17,31.1,54,30.59,12.6775,4.29,266,0,0,0,0,0,0,"013949009983688"
2015-07-25 17:19:00,7,25,17,31.1,54.3,30.59,12.6775,4.29,241,0,0,0,0,0,0,"013949009983688"
2015-07-25 17:46:00,7,25,17,31.1,55.6,30.59,12.6775,4.2625,132,0,0.00054981,0,0,0,0,"013949009983688"
2015-07-25 17:57:00,7,25,17,31.1,55.3,30.62,12.6775,4.29,197,0,0,0,0,0,0,"013949009983688"
2015-07-25 19:58:00,7,25,19,31.1,55.3,33.78,12.65,4.2625,38,0,0.00342104,0,12.608,0,0,"013949009983688"
2015-07-25 21:58:00,7,25,21,34.2,49.5,31.28,12.65,4.2625,38,0,0,0,0,0,0,"013949009983688"
2015-07-25 23:58:00,7,25,23,32.09,49.3,29.12,12.6225,4.2625,36,0,0,0,0,0,0,"013949009983688"
2015-07-26 01:58:00,7,26,1,30.1,47.9,27.34,12.6225,4.2625,33,0,0,0,0,0,0,"013949009983688"
2015-07-26 03:58:00,7,26,3,28.3,47.8,25.23,12.6225,4.2625,31,0,0,0,0,0,0,"013949009983688"
2015-07-26 05:58:00,7,26,5,26.6,47.5,23.53,12.595,4.2625,29,0,0,0,0,0,0,"013949009983688"
2015-07-26 07:58:00,7,26,7,25,48.1,23.84,12.595,4.2625,31,0,0,0,0,0,0,"013949009983688"
2015-07-26 09:58:00,7,26,9,24.6,48.8,30.47,12.5675,4.2625,35,0,0,0,0,0,0,"013949009983688"
2015-07-26 11:58:00,7,26,11,28.8,60.2,39.07,12.595,4.2625,45,0,0,0,0,0,0,"013949009983688"
2015-07-26 13:58:00,7,26,13,36.2,62.6,43.49,12.6225,4.2625,54,0,0.00024436,0,0,0,0,"013949009983688"
2015-07-26 15:59:00,7,26,15,40.8,34.7,39.72,12.595,4.2625,131,0,0.00024436,0,1.576,0,0,"013949009983688"
2015-07-26 17:59:00,7,26,17,38,31.5,40.05,12.6225,4.2625,70,0,0,0,0,0,0,"013949009983688"
2015-07-26 19:59:00,7,26,19,40.09,32.2,34.34,12.595,4.2625,71,0,0,0,0,0,0,"013949009983688"
2015-07-26 21:59:00,7,26,21,35.7,38.3,30.61,12.5675,4.2625,44,0,0,0,0,0,0,"013949009983688"
2015-07-26 23:59:00,7,26,23,31.9,41,27.84,12.5675,4.2625,39,0,0,0,0,0,0,"013949009983688"
2015-07-27 01:59:00,7,27,1,29.1,41.4,25.06,12.54,4.2625,35,0,0,0,0,0,0,"013949009983688"
2015-07-27 03:59:00,7,27,3,26.8,41.2,23.82,12.54,4.2625,31,0,0,0,0,0,0,"013949009983688"
2015-07-27 05:59:00,7,27,5,25.4,41.6,22.55,12.54,4.2625,29,0,0,0,0,0,0,"013949009983688"
2015-07-27 07:59:00,7,27,7,24.2,42.1,24.54,12.5125,4.2625,59,0,0,0,0,0,0,"013949009983688"
2015-07-27 09:59:00,7,27,9,24.3,43.2,38.58,12.5125,4.2625,73,0,0,0,0,0,0,"013949009983688"
2015-07-27 11:59:00,7,27,11,34.09,55.6,46.51,12.54,4.2625,70,0,0,0,0,0,0,"013949009983688"
2015-07-27 13:59:00,7,27,13,41.9,45.7,48.66,12.54,4.2625,65,0,0,0,0,0,0,"013949009983688"
2015-07-27 15:59:00,7,27,15,44.7,32.5,43.79,12.54,4.2625,72,0,0,0,0,0,0,"013949009983688"
2015-07-27 18:00:00,7,27,18,43.2,32.5,40.51,12.54,4.2625,69,0,0,0,0,0,0,"013949009983688"
2015-07-27 20:00:00,7,27,20,40.8,32.3,35.5,12.54,4.2625,54,0,0,0,0,0,0,"013949009983688"
2015-07-27 22:00:00,7,27,22,36.59,40.7,31.01,12.5125,4.2625,49,0,6.109e-05,0,6.304,0,0,"013949009983688"
2015-07-28 00:00:00,7,28,0,31.9,50.1,29.12,12.5125,4.2625,42,0,0,0,0,0,0,"013949009983688"
2015-07-28 02:00:00,7,28,2,30.1,47,26.71,12.5125,4.2625,38,0,0,0,0,0,0,"013949009983688"
2015-07-28 04:00:00,7,28,4,27.7,46.3,24.79,12.485,4.2625,33,0,0,0,0,0,0,"013949009983688"
2015-07-28 06:00:00,7,28,6,26,46.5,23.14,12.485,4.2625,31,0,0,0,0,0,0,"013949009983688"
2015-07-28 08:00:00,7,28,8,24.3,46.8,23.77,12.4575,4.2625,33,0,0,0,0,0,0,"013949009983688"
2015-07-28 10:00:00,7,28,10,24.4,47.2,36.34,12.4575,4.2625,75,0,0,0,0,0,0,"013949009983688"
2015-07-28 12:00:00,7,28,12,35.9,47,45.52,12.485,4.2625,67,0,0,0,0,0,0,"013949009983688"
2015-07-28 14:01:00,7,28,14,44.4,44.6,49.08,12.485,4.2625,66,0,0,0,0,0,0,"013949009983688"
2015-07-28 16:01:00,7,28,16,47.7,30.2,45.14,12.485,4.2625,67,0,0,0,0,0,0,"013949009983688"
2015-07-28 18:01:00,7,28,18,44.9,27.8,42.84,12.485,4.2625,68,0,0,0,0,0,0,"013949009983688"
2015-07-28 20:01:00,7,28,20,43.4,28.8,37.83,12.485,4.2625,55,0,0,0,0,0,0,"013949009983688"
2015-07-28 22:01:00,7,28,22,38.8,33.2,31.7,12.4575,4.2625,50,0,0,0,0,0,0,"013949009983688"
2015-07-29 02:01:00,7,29,2,30,46,26.03,12.43,4.2625,38,0,0,0,0,0,0,"013949009983688"
2015-07-29 04:01:00,7,29,4,27.2,47.5,24.2,12.43,4.2625,33,0,0,0,0,0,0,"013949009983688"
2015-07-29 06:01:00,7,29,6,25.3,49.3,23.19,12.4025,4.2625,30,0,0,0,0,0,0,"013949009983688"
2015-07-29 08:01:00,7,29,8,24.2,52,25.32,12.4025,4.2625,54,0,0,0,0,0,0,"013949009983688"
2015-07-29 10:01:00,7,29,10,25.1,55.2,39.95,12.4025,4.2625,75,0,0,0,0,0,0,"013949009983688"
2015-07-29 12:01:00,7,29,12,39.9,41.2,46.08,12.4025,4.2625,69,0,0,0,0,0,0,"013949009983688"
2015-07-29 14:01:00,7,29,14,45.3,35.3,46.13,12.43,4.2625,65,0,0,0,0,0,0,"013949009983688"
2015-07-29 16:02:00,7,29,16,46,31,45.65,12.43,4.2625,91,0,0,0,0,0,0,"013949009983688"
2015-07-29 18:02:00,7,29,18,45.7,27.3,41.21,12.43,4.2625,73,0,0,0,0,0,0,"013949009983688"
2015-07-29 20:02:00,7,29,20,42.1,30.6,35.73,12.4025,4.2625,55,0,0,0,0,0,0,"013949009983688"
2015-07-29 22:02:00,7,29,22,36.2,40.5,26.01,12.375,4.2625,40,0,0.12914426,0,53.584,0,0,"013949009983688"
2015-07-30 02:02:00,7,30,2,25.4,76.19,23.45,12.3475,4.2625,30,0,0.01020203,0,0,0,0,"013949009983688"
2015-07-30 04:02:00,7,30,4,24.3,78.4,22.3,12.3475,4.2625,27,0,0.00690317,0,0,0,0,"013949009983688"
2015-07-30 06:02:00,7,30,6,22.9,87.2,21.91,12.32,4.2625,210,0,0.00959113,0,0,0,0,"013949009983688"
2015-07-30 08:02:00,7,30,8,22.5,87.3,23.22,12.32,4.2625,457,0,0.04679494,0,0,0,0,"013949009983688"
2015-07-30 10:02:00,7,30,10,23.6,78.5,26.04,12.3475,4.2625,459,0,0.06982587,0,0,0,0,"013949009983688"
2015-07-30 14:02:00,7,30,14,29.2,55.7,31.39,12.4025,4.2625,462,0,0.09169609,0,0,0,0,"013949009983688"
2015-07-30 16:02:00,7,30,16,31.8,49.6,31.37,12.4575,4.2625,464,0,0.07617923,0,0,0,0,"013949009983688"
2015-07-30 18:02:00,7,30,18,31.3,51.4,31.65,12.485,4.2625,463,0,0.05290394,0,0,0,0,"013949009983688"
2015-07-30 20:02:00,7,30,20,32,51,28.09,12.4025,4.2625,459,0,0.0067199,0,0,0,0,"013949009983688"
2015-07-30 22:03:00,7,30,22,28.5,60,25.05,12.375,4.2625,30,0,0.02553562,0,0,0,0,"013949009983688"
2015-07-31 02:03:00,7,31,2,22.8,90.3,20.73,12.32,4.2625,25,0,0.04526769,0,0,0,0,"013949009983688"
2015-07-31 04:03:00,7,31,4,21.4,95.2,19.93,12.2925,4.2625,23,0,0.02345856,0,0,0,0,"013949009983688"
2015-07-31 06:03:00,7,31,6,20.8,95.6,20.25,12.2925,4.2625,157,0,0.05039925,0,0,0,0,"013949009983688"
2015-07-31 08:03:00,7,31,8,20.9,89.9,20.81,12.2925,4.2625,456,0,0.11356631,0,0,0,0,"013949009983688"
2015-07-31 10:03:00,7,31,10,21.4,84.2,22.73,12.2925,4.2625,457,0,0.1472269,0,0,0,0,"013949009983688"
2015-07-31 12:03:00,7,31,12,23.4,68,26.47,12.2925,4.2625,457,0,0.17697773,0,0,0,0,"013949009983688"
2015-07-31 14:03:00,7,31,14,26.7,51.4,28.28,12.32,4.2625,458,0,0.21448699,0,0,0,0,"013949009983688"
2015-07-31 16:03:00,7,31,16,28.2,53.1,35.34,12.485,4.2625,464,0,0.19951994,0,0,0,0,"013949009983688"
2015-07-31 18:03:00,7,31,18,35,36,37.6,12.485,4.2625,463,0,0.1924335,0,0,0,0,"013949009983688"
2015-07-31 20:03:00,7,31,20,36.2,31.2,27.34,12.4575,4.2625,462,0,0.17465631,0,0,0,0,"013949009983688"
2015-07-31 22:03:00,7,31,22,29.6,40.3,23.28,12.375,4.2625,31,0,0.05064361,0,0,0,0,"013949009983688"
2015-08-01 02:03:00,8,1,2,22.6,58.1,20.19,12.2925,4.2625,25,0,0.02431382,0,0,0,0,"013949009983688"
2015-08-01 04:03:00,8,1,4,21,70,19.15,12.265,4.2625,23,0,0.01783828,0,0,0,0,"013949009983688"
2015-08-01 06:03:00,8,1,6,19.9,80.69,19.12,12.265,4.2625,102,0,0.03011737,0,0,0,0,"013949009983688"
2015-08-01 08:03:00,8,1,8,19.79,83.4,19.24,12.2375,4.2625,454,0,0.05876858,0,0,0,0,"013949009983688"
2015-08-01 10:04:00,8,1,10,19.9,81.6,23.26,12.2925,4.2625,456,0,0.06579393,0,0,0,0,"013949009983688"
2015-08-01 12:04:00,8,1,12,23.7,58.4,23.47,12.32,4.2625,458,0,0.05027707,0,0,0,0,"013949009983688"
2015-08-01 14:04:00,8,1,14,24.5,53.7,23.12,12.32,4.2625,459,0,0.03390495,0,0,0,0,"013949009983688"
2015-08-01 16:04:00,8,1,16,23.9,56,19.94,12.2925,4.29,457,0,0.10128722,0,0,0,0,"013949009983688"
2015-08-01 18:04:00,8,1,18,20.5,82.4,20.33,12.265,4.2625,456,0,0.06267834,0,0,0,0,"013949009983688"
2015-08-01 20:04:00,8,1,20,20.7,75.8,18.55,12.265,4.29,406,0,0.45970225,0,0,0,0,"013949009983688"
2015-08-01 22:04:00,8,1,22,19.2,95.6,17.62,12.265,4.2625,17,0,0.27349993,0,0,0,0,"013949009983688"
2015-08-02 02:04:00,8,2,2,17.79,99.9,17.24,12.21,4.29,17,0,0.20795036,0,0,0,0,"013949009983688"
2015-08-02 04:04:00,8,2,4,17.9,99.9,17.46,12.21,4.29,17,0,0.23324162,0,0,0,0,"013949009983688"
2015-08-02 06:04:00,8,2,6,18.1,99.9,17.07,12.21,4.2625,183,0,0.28083073,0,0,0,0,"013949009983688"
2015-08-02 08:04:00,8,2,8,17.6,99.9,18.12,12.1825,4.29,453,0,0.20843908,0,0,0,0,"013949009983688"
2015-08-02 10:04:00,8,2,10,18.6,99.9,20.81,12.21,4.29,454,0,0.46043533,0,0,0,0,"013949009983688"
2015-08-02 12:04:00,8,2,12,21.3,94.3,23.46,12.2375,4.29,454,0,0.39146472,0,0,0,0,"013949009983688"
2015-08-02 14:04:00,8,2,14,23.7,74.3,26.4,12.265,4.2625,456,0,0.3866997,0,0,0,0,"013949009983688"
2015-08-02 16:04:00,8,2,16,27,61.4,36.34,12.3475,4.2625,459,0,0.1380634,0,0,0,0,"013949009983688"
2015-08-02 18:04:00,8,2,18,35.9,38.4,38.55,12.4025,4.2625,461,0,0.08412093,0,0,0,0,"013949009983688"
2015-08-02 20:04:00,8,2,20,39.2,32,29.41,12.3475,4.2625,458,0,0.0329886,0,0,0,0,"013949009983688"
2015-08-02 22:04:00,8,2,22,31.2,50.2,24.4,12.2925,4.2625,32,0,0,0,0,0,0,"013949009983688"
2015-08-03 02:04:00,8,3,2,23,84.3,21.22,12.21,4.2625,26,0,0,0,0,0,0,"013949009983688"
2015-08-03 04:05:00,8,3,4,21.7,94.9,20.59,12.21,4.2625,24,0,0.15058685,0,0,0,0,"013949009983688"
2015-08-03 06:05:00,8,3,6,21.1,99.7,18.93,12.1825,4.2625,225,0,0.01331762,0,0,0,0,"013949009983688"
2015-08-03 08:05:00,8,3,8,19.5,99.9,20.48,12.1825,4.2625,451,0,0.14533311,0,0,0,0,"013949009983688"
2015-08-03 10:05:00,8,3,10,21.2,99.9,24.68,12.1825,4.2625,452,0,0.06163981,0,0,0,0,"013949009983688"
2015-08-03 12:05:00,8,3,12,25.2,77.4,27.64,12.155,4.2625,452,0,0.10153158,0,0,0,0,"013949009983688"
2015-08-03 14:05:00,8,3,14,27.9,59.2,29.8,12.21,4.29,453,0,0.13879648,0,0,0,0,"013949009983688"
2015-08-03 16:05:00,8,3,16,30,49.6,39.52,12.2925,4.2625,457,0,0.10831257,0,0,0,0,"013949009983688"
2015-08-03 18:05:00,8,3,18,38.59,31.9,40.91,12.3475,4.2625,458,0,0.10715186,0,0,0,0,"013949009983688"
2015-08-03 20:05:00,8,3,20,40.7,28.5,31.37,12.32,4.2625,457,0,0.01124056,0,0,0,0,"013949009983688"
2015-08-03 22:20:00,8,3,22,32.3,46.9,0,12.265,4.2625,38,0,6.109e-05,0,0,0,0,"013949009983688"
2015-08-04 02:20:00,8,4,2,24.7,77.6,23.03,12.1825,4.2625,29,0,0,0,0,0,0,"013949009983688"
2015-08-04 04:20:00,8,4,4,23.8,77.3,22.05,12.155,4.2625,27,0,0.00048872,0,0,0,0,"013949009983688"
2015-08-04 06:21:00,8,4,6,22.2,87.8,21.43,12.155,4.2625,345,0,0.00024436,0,0,0,0,"013949009983688"
2015-08-04 08:21:00,8,4,8,21.4,96.5,21.57,12.155,4.2625,451,0,0.09866035,0,0,0,0,"013949009983688"
2015-08-04 10:21:00,8,4,10,22.2,99.9,25.84,12.1275,4.2625,451,0,0.27563808,0,0,0,0,"013949009983688"
2015-08-04 12:21:00,8,4,12,26.4,75.4,30.46,12.1825,4.2625,452,0,0.30245659,0,0,0,0,"013949009983688"
2015-08-04 14:21:00,8,4,14,31,53.5,33.24,12.2925,4.2625,458,0,0.12040839,0,0,0,0,"013949009983688"
2015-08-04 16:21:00,8,4,16,33.7,43.2,37.15,12.3475,4.2625,460,0,0.40698158,0,0,0,0,"013949009983688"
2015-08-04 18:21:00,8,4,18,36.4,38.9,37.03,12.3475,4.2625,460,0,0.38028525,0,0,0,0,"013949009983688"
2015-08-04 20:21:00,8,4,20,35.59,40.3,30.9,12.2925,4.2625,456,0,0.27020107,0,0,0,0,"013949009983688"
2015-08-04 22:21:00,8,4,22,32,45,27.9,12.2375,4.2625,34,0,0.03317187,0,0,0,0,"013949009983688"
2015-08-05 00:21:00,8,5,0,28,61.4,26.39,12.21,4.2625,31,0,0.13360383,0,0,0,0,"013949009983688"
2015-08-05 02:21:00,8,5,2,26.5,66.19,23.25,12.1825,4.2625,29,0,0.03708163,0,0,0,0,"013949009983688"
2015-08-05 04:21:00,8,5,4,23.6,90.3,23.09,12.1275,4.2625,27,0,0.00018327,0,0,0,0,"013949009983688"
2015-08-05 06:21:00,8,5,6,23.6,88.6,21.99,12.1275,4.2625,326,0,0.09597239,0,0,0,0,"013949009983688"
2015-08-05 08:21:00,8,5,8,22.5,99.9,22.75,12.1275,4.2625,450,0,0.04807783,0,0,0,0,"013949009983688"
2015-08-05 10:21:00,8,5,10,23.4,97,27.75,12.1275,4.2625,450,0,0.03812016,0,0,0,0,"013949009983688"
2015-08-05 12:21:00,8,5,12,28.3,69.19,31.94,12.1275,4.2625,451,0,0.07196402,0,0,0,0,"013949009983688"
2015-08-05 14:21:00,8,5,14,32.4,50,34.53,12.1825,4.2625,453,0,0.09633893,0,0,0,0,"013949009983688"
2015-08-05 16:21:00,8,5,16,36.59,39.09,44.18,12.2925,4.2625,456,0,0.1020203,0,0,0,0,"013949009983688"
2015-08-05 18:21:00,8,5,18,43.5,29.8,44.86,12.32,4.2625,457,0,0.07116985,0,0,0,0,"013949009983688"
2015-08-05 19:55:00,8,5,19,37.4,42.8,33.83,12.2925,4.2625,385,0,0,0,0,0,0,"013949009983688"
2015-08-05 20:09:00,8,5,20,34.9,47,32.53,12.265,4.2625,346,0,0,0,0,0,0,"013949009983688"
2015-08-05 20:15:00,8,5,20,34.09,49.6,32.91,12.265,4.2625,324,0,0,0,0,0,0,"013949009983688"
2015-08-05 20:39:00,8,5,20,32,53.3,31.37,12.2375,4.2625,183,0,0,0,0,0,0,"013949009983688"
2015-08-05 20:46:00,8,5,20,31.7,53.7,31.56,12.2375,4.29,298,0,0,0,0,0,0,"013949009983688"
2015-08-05 22:46:00,8,5,22,31.7,54.4,28.57,12.1825,4.2625,38,0,0.00024436,0,0,0,0,"013949009983688"
2015-08-06 00:46:00,8,6,0,29,62.9,26.13,12.155,4.2625,34,0,6.109e-05,0,0,0,0,"013949009983688"
2015-08-06 02:46:00,8,6,2,26.8,71.8,24.58,12.155,4.2625,32,0,0,0,0,0,0,"013949009983688"
2015-08-06 04:46:00,8,6,4,25.4,78.9,23.38,12.1275,4.2625,29,0,0,0,0,0,0,"013949009983688"
2015-08-06 06:46:00,8,6,6,23.8,92.1,23.29,12.1,4.2625,437,0,0,0,0,0,0,"013949009983688"
2015-08-06 08:46:00,8,6,8,23.2,95.3,23.75,12.1,4.2625,449,0,0.08937467,0,0,0,0,"013949009983688"
2015-08-06 10:46:00,8,6,10,24.5,88.5,29.04,12.1,4.2625,449,0,0.13293184,0,0,0,0,"013949009983688"
2015-08-06 12:46:00,8,6,12,29.5,62.9,32.79,12.1,4.2625,449,0,0.04471788,0,0,0,0,"013949009983688"
2015-08-06 14:46:00,8,6,14,33.4,46.2,36.84,12.155,4.2625,451,0,0.07764539,0,0,0,0,"013949009983688"
2015-08-06 16:46:00,8,6,16,39.9,30.7,46.01,12.2375,4.2625,455,0,0.06652701,0,0,0,0,"013949009983688"
2015-08-06 18:46:00,8,6,18,44.7,25.6,44.43,12.265,4.2625,455,0,0.04777238,0,0,0,0,"013949009983688"
2015-08-06 20:46:00,8,6,20,46,25.4,32.45,12.21,4.2625,273,0,0.006109,0,0,0,0,"013949009983688"
2015-08-06 22:46:00,8,6,22,33.2,44.7,29.26,12.155,4.2625,41,0,6.109e-05,0,0,0,0,"013949009983688"
2015-08-07 00:46:00,8,7,0,29.6,51.3,26.6,12.1275,4.2625,36,0,0.00482611,0,0,0,0,"013949009983688"
2015-08-07 02:46:00,8,7,2,27.3,62.9,26.15,12.1,4.2625,33,0,0.03738708,0,0,0,0,"013949009983688"
2015-08-07 04:47:00,8,7,4,26.5,65.19,23.95,12.0725,4.2625,31,0,0.00177161,0,0,0,0,"013949009983688"
2015-08-07 06:47:00,8,7,6,24.2,80.4,23.13,12.0725,4.2625,436,0,0.01863245,0,0,0,0,"013949009983688"
2015-08-07 08:47:00,8,7,8,23.5,83,24.65,12.0725,4.29,448,0,0.32182212,0,0,0,0,"013949009983688"
2015-08-07 10:47:00,8,7,10,24.8,82.1,29.05,12.0725,4.2625,448,0,0.22523883,0,0,0,0,"013949009983688"
2015-08-07 12:47:00,8,7,12,29.4,56.9,33.03,12.0725,4.2625,449,0,0.07550724,0,0,0,0,"013949009983688"
2015-08-07 14:47:00,8,7,14,33.8,42.6,37.91,12.155,4.2625,451,0,0.08021117,0,0,0,0,"013949009983688"
2015-08-07 16:47:00,8,7,16,40.7,33.2,46.93,12.2375,4.2625,454,0,0.08302131,0,0,0,0,"013949009983688"
2015-08-07 18:47:00,8,7,18,45.9,25.6,45.57,12.2375,4.2625,454,0,0.03366059,0,0,0,0,"013949009983688"
2015-08-07 20:47:00,8,7,20,43.9,29,31.93,12.1825,4.2625,237,0,6.109e-05,0,0,0,0,"013949009983688"
2015-08-07 22:47:00,8,7,22,32.9,51.1,29.56,12.1275,4.2625,41,0,0,0,0,0,0,"013949009983688"
2015-08-08 00:47:00,8,8,0,29.4,60.5,27.58,12.1,4.2625,37,0,0,0,0,0,0,"013949009983688"
2015-08-08 02:47:00,8,8,2,27.8,65.4,25.47,12.0725,4.2625,33,0,0.09444514,0,0,0,0,"013949009983688"
2015-08-08 04:47:00,8,8,4,26.1,77.6,24.28,12.045,4.2625,30,0,0.00757516,0,0,0,0,"013949009983688"
2015-08-08 06:48:00,8,8,6,24.7,86.1,22.66,12.045,4.2625,418,0,0.08015008,0,0,0,0,"013949009983688"
2015-08-08 08:48:00,8,8,8,23.3,85.2,26.11,12.045,4.2625,380,0,0.13348165,0,40.976,0,0,"013949009983688"
2015-08-08 10:48:00,8,8,10,26.6,62.3,28.89,12.0175,4.2625,443,0,0.00073308,0,0,0,0,"013949009983688"
2015-09-02 12:00:00,9,2,12,30,49.7,23.36,12.4575,4.235,466,0,0.01557795,0,0,0,0,"013949009983688"
2015-09-02 14:00:00,9,2,14,29.2,53.4,22.59,12.155,4.2625,452,0,0.21131031,0,0,0,0,"013949009983688"
2015-09-02 18:00:00,9,2,18,29.5,46.2,22.34,12.0725,4.29,449,0,0.35933138,0,0,0,0,"013949009983688"
2015-09-02 20:00:00,9,2,20,28.1,48,20.9,12.045,4.2625,223,0,0.3213334,0,0,0,0,"013949009983688"
2015-09-02 22:00:00,9,2,22,25.5,44.9,20.14,12.0175,4.2625,132,0,0.02669633,0,0,0,0,"013949009983688"
2015-09-03 00:00:00,9,3,0,23.4,57.1,19.99,11.99,4.2625,127,0,0.024436,0,0,0,0,"013949009983688"
2015-09-03 02:00:00,9,3,2,21.7,65.4,19.32,11.9625,4.2625,132,0,0.08436529,0,0,0,0,"013949009983688"
2015-09-03 04:00:00,9,3,4,20.29,71.1,18.92,11.935,4.2625,135,0,0.07801193,0,0,0,0,"013949009983688"
2015-09-03 06:00:00,9,3,6,19.6,75.5,18.38,11.935,4.2625,18,0,0.04618404,0,0,0,0,"013949009983688"
2015-09-03 08:01:00,9,3,8,18.7,81.5,18.51,11.935,4.2625,444,0,0.00769734,0,0,0,0,"013949009983688"
2015-09-03 10:01:00,9,3,10,18.9,81.5,23.8,12.43,4.2625,464,0,0.0397085,0,0,0,0,"013949009983688"
2015-09-03 12:01:00,9,3,12,26.7,54.3,24.01,12.5125,4.2625,468,0,0.1374525,0,0,0,0,"013949009983688"
2015-09-03 14:01:00,9,3,14,29.2,49.4,22.79,12.32,4.2625,459,0,0.25724999,0,0,0,0,"013949009983688"
2015-09-03 16:01:00,9,3,16,27.4,51.6,22.25,12.2375,4.29,455,0,0.22401703,0,0,0,0,"013949009983688"
2015-09-03 18:01:00,9,3,18,28.3,52.5,22.15,12.21,4.29,453,0,0.23324162,0,0,0,0,"013949009983688"
2015-09-03 20:01:00,9,3,20,27.4,52.7,21.62,12.1825,4.2625,170,0,0.10415845,0,0,0,0,"013949009983688"
2015-09-03 22:01:00,9,3,22,25.6,57.4,20.84,12.155,4.2625,130,0,0.03274424,0,0,0,0,"013949009983688"
2015-09-04 00:01:00,9,4,0,24.1,64.19,20.59,12.1275,4.29,127,0,0.00684208,0,0,0,0,"013949009983688"
2015-09-04 02:01:00,9,4,2,23.2,71.3,20.85,12.1275,4.2625,126,0,0.00439848,0,0,0,0,"013949009983688"
2015-09-04 04:01:00,9,4,4,22.9,76.5,19.77,12.1,4.2625,128,0,0.00781952,0,0,0,0,"013949009983688"
2015-09-04 06:01:00,9,4,6,21.5,81.5,19.51,12.1,4.2625,20,0,0.0219924,0,0,0,0,"013949009983688"
2015-09-04 08:01:00,9,4,8,19.9,96.2,20.49,12.1275,4.2625,453,0,0.00702535,0,0,0,0,"013949009983688"
2015-09-04 10:01:00,9,4,10,21.1,84.5,23.28,12.4025,4.2625,463,0,0.07929482,0,1.576,0,0,"013949009983688"
2015-09-04 12:01:00,9,4,12,25.1,72.19,24.52,12.43,4.2625,464,0,0.12431815,0,0,0,0,"013949009983688"
2015-09-04 14:01:00,9,4,14,27.3,56.3,23.03,12.3475,4.29,460,0,0.22896532,0,0,0,0,"013949009983688"
2015-09-04 16:01:00,9,4,16,27.3,58.3,22.7,12.32,4.2625,459,0,0.29475925,0,0,0,0,"013949009983688"
2015-09-04 18:01:00,9,4,18,28.4,50,21.87,12.2925,4.2625,458,0,0.24900284,0,0,0,0,"013949009983688"
2015-09-04 20:02:00,9,4,20,26.3,51.3,20.73,12.2375,4.2625,148,0,0.10971764,0,0,0,0,"013949009983688"
2015-09-04 22:02:00,9,4,22,24.4,57.2,20.35,12.1825,4.2625,131,0,0.0207706,0,0,0,0,"013949009983688"
2015-09-05 00:02:00,9,5,0,23.3,61.1,20.57,12.1825,4.2625,129,0,0.00696426,0,0,0,0,"013949009983688"
2015-09-05 02:02:00,9,5,2,23,67.6,20,12.155,4.2625,129,0,0.05455337,0,0,0,0,"013949009983688"
2015-09-05 04:02:00,9,5,4,22.1,73.6,19.54,12.155,4.2625,134,0,0.00885805,0,0,0,0,"013949009983688"
2015-09-05 06:02:00,9,5,6,21.3,74.3,19.38,12.155,4.2625,21,0,0.00574246,0,0,0,0,"013949009983688"
2015-09-05 08:02:00,9,5,8,20.4,77.3,19.9,12.155,4.2625,452,0,0.02284766,0,0,0,0,"013949009983688"
2015-09-05 10:02:00,9,5,10,21.1,73.9,22.26,12.4575,4.2625,465,0,0.20459041,0,0,0,0,"013949009983688"
2015-09-05 12:02:00,9,5,12,25.3,64.4,22.01,12.6775,4.2625,474,0,0.26103757,0,0,0,0,"013949009983688"
2015-09-05 14:02:00,9,5,14,26.9,53,20.88,12.375,4.2625,461,0,0.51914282,0,0,0,0,"013949009983688"
2015-09-05 16:02:00,9,5,16,26.4,46.9,20.64,12.32,4.29,458,0,0.55310886,0,0,0,0,"013949009983688"
2015-09-05 18:02:00,9,5,18,26.2,43,19.93,12.265,4.29,456,0,0.47350859,0,0,0,0,"013949009983688"
2015-09-05 20:02:00,9,5,20,23.9,47.4,18.73,12.2375,4.29,152,0,0.48163356,0,0,0,0,"013949009983688"
2015-09-05 22:02:00,9,5,22,21.4,52.9,17.87,12.21,4.29,132,0,0.05162105,0,0,0,0,"013949009983688"
2015-09-06 02:02:00,9,6,2,19.4,64.6,17.37,12.21,4.2625,137,0,0.11991967,0,0,0,0,"013949009983688"
2015-09-06 04:02:00,9,6,4,17.9,75.4,17.84,12.155,4.2625,139,0,0.02785704,0,0,0,0,"013949009983688"
2015-09-06 06:02:00,9,6,6,17.6,80.3,16.54,12.155,4.29,16,0,0.01295108,0,0,0,0,"013949009983688"
2015-09-06 08:02:00,9,6,8,16.1,87.6,16.7,12.1825,4.2625,453,0,0.00806388,0,0,0,0,"013949009983688"
2015-09-06 10:02:00,9,6,10,16.79,86.8,23.77,12.6775,4.2625,474,0,0.04471788,0,0,0,0,"013949009983688"
2015-09-06 12:02:00,9,6,12,27.6,46.8,21.13,12.7875,4.2625,477,0,0.11497138,0,0,0,0,"013949009983688"
2015-09-06 14:02:00,9,6,14,28,43.5,19.18,12.4025,4.2625,461,0,0.15626822,0,0,0,0,"013949009983688"
2015-09-06 16:02:00,9,6,16,25.5,34.9,19.77,12.375,4.2625,461,0,0.18583578,0,0,0,0,"013949009983688"
2015-09-06 18:02:00,9,6,18,26.7,30.1,20.44,12.375,4.2625,460,0,0.17141854,0,0,0,0,"013949009983688"
2015-09-07 02:03:00,9,7,2,19.5,58.4,16.89,12.2925,4.2625,19,0,0.01453942,0,0,0,0,"013949009983688"
2015-09-07 04:03:00,9,7,4,18.2,64.69,16.11,12.265,4.2625,17,0,0.01392852,0,0,0,0,"013949009983688"
2015-09-07 06:03:00,9,7,6,17.2,71.69,15.68,12.2375,4.2625,17,0,0.00659772,0,0,0,0,"013949009983688"
2015-09-07 08:03:00,9,7,8,15.8,84.9,15.97,12.2375,4.2625,456,0,0.01942662,0,0,0,0,"013949009983688"
2015-09-07 10:03:00,9,7,10,16.29,77.3,22.55,12.8425,4.2625,480,0,0.06249507,0,0,0,0,"013949009983688"
2015-09-07 12:03:00,9,7,12,27.1,37.7,22.98,12.8975,4.2625,481,0,0.09249026,0,0,0,0,"013949009983688"
2015-09-07 14:03:00,9,7,14,28.3,31.2,21.58,12.5675,4.2625,468,0,0.22853769,0,0,0,0,"013949009983688"
2015-09-07 16:03:00,9,7,16,26.9,32.7,21.75,12.485,4.2625,464,0,0.35505508,0,0,0,0,"013949009983688"
2015-09-07 18:03:00,9,7,18,27.1,26.2,21.89,12.4575,4.2625,463,0,0.33379576,0,0,0,0,"013949009983688"
2015-09-07 20:03:00,9,7,20,26.7,26.5,21.56,12.4575,4.29,102,0,0.63075425,0,0,0,0,"013949009983688"
2015-09-07 22:03:00,9,7,22,23.2,48,19.89,12.43,4.29,140,0,0.58756362,0,0,0,0,"013949009983688"
2015-09-08 00:03:00,9,8,0,21,53.6,18.54,12.4025,4.2625,135,0,0.1857136,0,0,0,0,"013949009983688"
2015-09-08 02:03:00,9,8,2,20.29,49.9,17.88,12.375,4.29,137,0,0.22951513,0,0,0,0,"013949009983688"
2015-09-08 04:03:00,9,8,4,20.29,49.9,17.61,12.375,4.29,140,0,0.28296888,0,0,0,0,"013949009983688"
2015-09-08 06:03:00,9,8,6,19.5,56.6,17.43,12.3475,4.29,19,0,0.29054404,0,0,0,0,"013949009983688"
2015-09-08 08:03:00,9,8,8,19.4,56.4,17.43,12.3475,4.29,459,0,0.30801578,0,0,0,0,"013949009983688"
2015-09-08 10:03:00,9,8,10,20.4,43.1,22.13,12.925,4.29,483,0,0.41913849,0,0,0,0,"013949009983688"
2015-09-08 12:03:00,9,8,12,25.3,31.7,23.78,13.035,4.29,487,0,0.71316466,0,0,0,0,"013949009983688"
2015-09-08 14:03:00,9,8,14,26.8,25.5,22.47,12.595,4.2625,468,0,0.90736977,0,0,0,0,"013949009983688"
2015-09-08 16:03:00,9,8,16,25.7,27.3,22.16,12.5675,4.2625,467,0,0.77846987,0,0,0,0,"013949009983688"
2015-09-08 18:03:00,9,8,18,25.8,27.5,21.86,12.54,4.29,466,0,0.6420559,0,0,0,0,"013949009983688"
2015-09-08 20:04:00,9,8,20,24.9,27.5,20.9,12.5125,4.29,75,0,0.60332484,0,0,0,0,"013949009983688"
2015-09-08 22:04:00,9,8,22,22.6,33.09,19.26,12.5125,4.29,139,0,0.31925634,0,0,0,0,"013949009983688"
2015-09-09 02:04:00,9,9,2,19.29,46.6,16.54,12.4575,4.29,142,0,0.06078455,0,0,0,0,"013949009983688"
2015-09-09 04:04:00,9,9,4,16.9,56.4,15.21,12.43,4.2625,143,0,0.05327048,0,0,0,0,"013949009983688"
2015-09-09 06:04:00,9,9,6,14.7,64.69,14.3,12.43,4.29,15,0,0.02284766,0,0,0,0,"013949009983688"
2015-09-09 08:04:00,9,9,8,13.7,69.8,14.16,12.4025,4.2625,462,0,0.05076579,0,0,0,0,"013949009983688"
2015-09-09 10:04:00,9,9,10,14.9,67.9,22.34,13.035,4.29,487,0,0.21314301,0,0,0,0,"013949009983688"
2015-09-09 12:04:00,9,9,12,26.3,39.3,22.27,13.1175,4.29,489,0,0.95068258,0,0,0,0,"013949009983688"
2015-09-09 14:04:00,9,9,14,24.6,37.4,21.8,12.6775,4.29,471,0,1.19986869,0,0,0,0,"013949009983688"
2015-09-09 16:04:00,9,9,16,24.3,33.5,21.96,12.65,4.2625,469,0,1.02221897,0,0,0,0,"013949009983688"
2015-09-09 18:04:00,9,9,18,24.8,32.8,21.35,12.6225,4.29,468,0,0.7532397,0,0,0,0,"013949009983688"
2015-09-09 20:04:00,9,9,20,23.5,34.7,19.71,12.595,4.29,55,0,0.41443456,0,0,0,0,"013949009983688"
2015-09-09 22:04:00,9,9,22,21.2,41.1,18.35,12.5675,4.29,137,0,0.22609409,0,0,0,0,"013949009983688"
2015-09-10 00:04:00,9,10,0,19.6,43.7,17.15,12.54,4.29,140,0,0.22560537,0,0,0,0,"013949009983688"
2015-09-10 02:04:00,9,10,2,18.79,48.5,16.53,12.54,4.29,136,0,0.25529511,0,0,0,0,"013949009983688"
2015-09-10 04:04:00,9,10,4,18.2,50.4,16.52,12.5125,4.29,138,0,0.24173313,0,0,0,0,"013949009983688"
2015-09-10 06:04:00,9,10,6,18.79,48.9,16.02,12.5125,4.29,17,0,0.24161095,0,0,0,0,"013949009983688"
2015-09-10 08:05:00,9,10,8,17.5,54.3,15.8,12.5125,4.2625,465,0,0.25792198,0,0,0,0,"013949009983688"
2015-09-10 10:05:00,9,10,10,18.2,52.9,21.18,13.0625,4.29,488,0,0.22084035,0,0,0,0,"013949009983688"
2015-09-10 12:05:00,9,10,12,23.6,40.09,21.64,12.925,4.29,481,0,0.68646833,0,0,0,0,"013949009983688"
2015-09-10 14:05:00,9,10,14,25.2,36.2,20.54,12.7325,4.29,473,0,0.66453702,0,0,0,0,"013949009983688"
2015-09-10 16:05:00,9,10,16,24.4,32.8,21.16,12.705,4.2625,472,0,0.71359229,0,0,0,0,"013949009983688"
2015-09-10 18:05:00,9,10,18,25,33.09,20.89,12.6775,4.29,470,0,0.56434942,0,0,0,0,"013949009983688"
2015-09-10 20:05:00,9,10,20,24.7,31.2,19.97,12.6775,4.29,43,0,0.27942566,0,0,0,0,"013949009983688"
2015-09-10 22:05:00,9,10,22,22.3,39.3,18.13,12.6225,4.29,140,0,0.05223195,0,0,0,0,"013949009983688"
2015-09-11 00:05:00,9,11,0,20.29,45.1,17.15,12.6225,4.29,134,0,0.01411179,0,0,0,0,"013949009983688"
2015-09-11 02:05:00,9,11,2,19.2,50.5,16.46,12.5675,4.29,142,0,0.00525374,0,0,0,0,"013949009983688"
2015-09-11 04:05:00,9,11,4,18,57.2,15.81,12.5675,4.2625,141,0,0.03256097,0,0,0,0,"013949009983688"
2015-09-11 06:05:00,9,11,6,17,63.4,14.95,12.5675,4.29,16,0,0.05229304,0,0,0,0,"013949009983688"
2015-09-11 08:05:00,9,11,8,15.5,70.9,14.4,12.595,4.2625,469,0,0.00507047,0,0,0,0,"013949009983688"
2015-09-11 10:05:00,9,11,10,23.5,44.4,16.7,13.145,4.2625,491,0,0.04893309,0,0,0,0,"013949009983688"
2015-09-11 12:05:00,9,11,12,25.1,39.09,21.94,12.925,4.2625,480,0,0.14698254,0,0,0,0,"013949009983688"
2015-09-11 14:05:00,9,11,14,27.4,30.6,19.78,12.76,4.29,474,0,0.18546924,0,0,0,0,"013949009983688"
2015-09-11 16:05:00,9,11,16,25.6,33,18.91,12.7325,4.29,473,0,0.19096734,0,0,0,0,"013949009983688"
2015-09-11 18:05:00,9,11,18,26.3,33.59,18.97,12.705,4.29,472,0,0.23305835,0,0,0,0,"013949009983688"
2015-09-11 20:05:00,9,11,20,25.4,40,18.89,12.7325,4.29,37,0,0.17264034,0,0,0,0,"013949009983688"
2015-09-11 22:05:00,9,11,22,22.9,49.6,18.17,12.6775,4.29,136,0,0.03842561,0,0,0,0,"013949009983688"
2015-09-12 02:06:00,9,12,2,18.5,66.8,16.41,12.65,4.2625,140,0,0.03555438,0,0,0,0,"013949009983688"
2015-09-12 04:06:00,9,12,4,17.6,72.1,15.75,12.6225,4.29,141,0,0.05479773,0,0,0,0,"013949009983688"
2015-09-12 06:06:00,9,12,6,16.2,80.3,15.13,12.6225,4.29,16,0,0.01288999,0,0,0,0,"013949009983688"
2015-09-12 08:06:00,9,12,8,15.5,84.4,14.71,12.65,4.2625,470,0,0.00653663,0,0,0,0,"013949009983688"
2015-09-12 10:06:00,9,12,10,15.8,82.5,17.29,13.2275,4.2625,493,0,0.04239646,0,0,0,0,"013949009983688"
2015-09-12 12:06:00,9,12,12,26,46,22.33,12.9525,4.2625,481,0,0.12291308,0,0,0,0,"013949009983688"
2015-09-12 14:06:00,9,12,14,27.7,36.9,20.36,12.8425,4.29,477,0,0.23073693,0,0,0,0,"013949009983688"
2015-09-12 16:06:00,9,12,16,26,43.6,20.22,12.815,4.29,476,0,0.17991005,0,0,0,0,"013949009983688"
2015-09-12 18:06:00,9,12,18,27.2,40.09,20.71,12.815,4.29,476,0,0.16659243,0,0,0,0,"013949009983688"
2015-09-12 20:06:00,9,12,20,26.6,43.2,20.3,12.76,4.2625,28,0,0.15895618,0,0,0,0,"013949009983688"
2015-09-12 22:06:00,9,12,22,24.1,57.6,19.56,12.76,4.29,134,0,0.02174804,0,0,0,0,"013949009983688"
2015-09-13 02:06:00,9,13,2,20,81.9,18.33,12.705,4.29,133,0,0.06884843,0,0,0,0,"013949009983688"
2015-09-13 04:06:00,9,13,4,19,90.7,17.5,12.705,4.29,135,0,0.00543701,0,0,0,0,"013949009983688"
2015-09-13 06:07:00,9,13,6,17.7,98.4,16.65,12.705,4.2625,18,0,0.006109,0,0,0,0,"013949009983688"
2015-09-13 08:07:00,9,13,8,16.7,99.9,16.52,12.815,4.2625,478,0,0.01056857,0,0,0,0,"013949009983688"
2015-09-13 10:07:00,9,13,10,18.6,91.9,17.81,12.925,4.2625,481,0,0.0421521,0,0,0,0,"013949009983688"
2015-09-13 12:07:00,9,13,12,20.4,83.1,18.45,12.7875,4.2625,476,0,0.02034297,0,6.304,0,0,"013949009983688"
2015-09-13 14:07:00,9,13,14,19.5,99.9,19.18,12.87,4.2625,479,0,0.09621675,0,0,0,0,"013949009983688"
2015-09-13 16:07:00,9,13,16,22.3,71.8,17.24,12.7325,4.29,475,0,0.50209871,0,47.28,0,0,"013949009983688"
2015-09-13 18:07:00,9,13,18,18.9,99.9,18.13,12.76,4.29,475,0,0.29023859,0,0,0,0,"013949009983688"
2015-09-13 20:07:00,9,13,20,21.8,81.1,18.45,12.6775,4.2625,22,0,0.1655539,0,0,0,0,"013949009983688"
2015-09-14 00:07:00,9,14,0,19.9,99.9,18.52,12.65,4.2625,129,0,0.28877243,0,0,0,0,"013949009983688"
2015-09-14 02:07:00,9,14,2,21.3,76.4,18.7,12.65,4.29,131,0,0.76814566,0,0,0,0,"013949009983688"
2015-09-14 04:07:00,9,14,4,21.2,81.4,19.05,12.6775,4.29,132,0,0.93614316,0,0,0,0,"013949009983688"
2015-09-14 06:07:00,9,14,6,21.7,84.1,19.61,12.65,4.29,22,0,0.92300881,0,0,0,0,"013949009983688"
2015-09-14 08:07:00,9,14,8,22.3,91.5,20.02,12.65,4.2625,467,0,0.18198711,0,0,0,0,"013949009983688"
2015-09-14 10:07:00,9,14,10,23.2,99.9,21.72,13.145,4.29,490,1,0.06145654,0,0,0,0,"013949009983688"
2015-09-14 12:07:00,9,14,12,31,57.4,24.57,12.925,4.29,481,0,0.21124922,0,0,0,0,"013949009983688"
2015-09-14 14:07:00,9,14,14,27.6,66.9,23.74,12.9525,4.29,482,0,0.43245611,0,0,0,0,"013949009983688"
2015-09-15 00:07:00,9,15,0,23.3,91.3,21.18,12.6775,4.29,132,0,0.12657848,0,0,0,0,"013949009983688"
2015-09-15 02:07:00,9,15,2,22.6,99.9,20.65,12.6775,4.29,132,0,0.11998076,0,0,0,0,"013949009983688"
2015-09-15 04:07:00,9,15,4,21.7,99.9,20.4,12.6775,4.29,136,0,0.04630622,0,0,0,0,"013949009983688"
2015-09-15 06:07:00,9,15,6,21.6,99.9,20.22,12.65,4.29,22,0,0.01606667,0,0,0,0,"013949009983688"
2015-09-15 08:07:00,9,15,8,21.4,99.9,19.68,12.65,4.2625,471,0,0.06805426,0,0,0,0,"013949009983688"
2015-09-15 10:08:00,9,15,10,21.1,98,20.9,13.09,4.2625,488,1,0.12321853,0,0,0,0,"013949009983688"
2015-09-15 14:08:00,9,15,14,24.8,56.6,22.23,12.98,4.29,483,0,0.13042715,0,0,0,0,"013949009983688"
2015-09-15 16:08:00,9,15,16,25.8,55.5,22.15,12.98,4.2625,482,0,0.25382895,0,0,0,0,"013949009983688"
2015-09-15 18:08:00,9,15,18,26.6,54.5,21.85,12.815,4.29,476,0,0.30154024,0,0,0,0,"013949009983688"
2015-09-15 20:08:00,9,15,20,25.9,56.9,21.1,12.7325,4.29,24,0,0.07428544,0,0,0,0,"013949009983688"
2015-09-15 22:08:00,9,15,22,23.6,66.4,20.29,12.705,4.29,128,0,0.03518784,0,0,0,0,"013949009983688"
2015-09-16 00:08:00,9,16,0,21.9,77.5,19.63,12.705,4.29,129,0,0.0342104,0,0,0,0,"013949009983688"
2015-09-16 02:08:00,9,16,2,21.2,82.3,19.61,12.6775,4.2625,128,0,0.00849151,0,0,0,0,"013949009983688"
2015-09-16 04:08:00,9,16,4,21.2,88.3,19.46,12.6775,4.2625,131,0,0.00323777,0,0,0,0,"013949009983688"
2015-09-16 06:08:00,9,16,6,20.7,97.7,19.25,12.6775,4.2625,21,0,0.03445476,0,0,0,0,"013949009983688"
2015-09-16 08:08:00,9,16,8,20.6,99.5,19.29,12.6775,4.2625,471,0,0.00843042,0,0,0,0,"013949009983688"
2015-09-16 10:08:00,9,16,10,21.1,96.5,20.24,13.0625,4.2625,486,0,0.04807783,0,0,0,0,"013949009983688"
2015-09-16 12:08:00,9,16,12,26.6,67.19,22.09,12.98,4.2625,484,0,0.11478811,0,0,0,0,"013949009983688"
2015-09-16 14:08:00,9,16,14,27,76.4,23.15,12.9525,4.2625,482,1,0.13855212,0,0,0,0,"013949009983688"
2015-09-16 16:08:00,9,16,16,28.9,69,23.71,12.8975,4.29,480,0,0.10617442,0,0,0,0,"013949009983688"
2015-09-16 18:08:00,9,16,18,30,63.7,23.97,12.76,4.2625,472,0,0.20856126,0,0,0,0,"013949009983688"
2015-09-16 20:08:00,9,16,20,27.9,77.3,23.25,12.7325,4.29,127,0,0.06316706,0,0,0,0,"013949009983688"
2015-09-16 22:08:00,9,16,22,25.9,92.1,22.65,12.705,4.2625,130,0,0.00116071,0,0,0,0,"013949009983688"
2015-09-17 00:08:00,9,17,0,24.5,99.9,22.34,12.705,4.29,126,0,0.00629227,0,0,0,0,"013949009983688"
2015-09-17 02:08:00,9,17,2,24.7,99.9,22.32,12.65,4.2625,129,0,0.07031459,0,0,0,0,"013949009983688"
2015-09-17 04:08:00,9,17,4,24.5,95.9,22.12,12.65,4.29,125,0,0.20740055,0,0,0,0,"013949009983688"
2015-09-17 06:08:00,9,17,6,24.4,88.3,21.91,12.65,4.29,25,0,0.56777046,0,0,0,0,"013949009983688"
2015-09-17 08:08:00,9,17,8,24.1,85.7,21.56,12.65,4.29,469,0,0.65531243,0,0,0,0,"013949009983688"
2015-09-17 10:08:00,9,17,10,24.3,79.19,22.26,13.035,4.29,487,0,0.5021598,0,0,0,0,"013949009983688"
2015-09-17 12:08:00,9,17,12,27.1,63.4,23.33,12.9525,4.29,482,1,0.49354611,0,0,0,0,"013949009983688"
2015-09-17 14:08:00,9,17,14,29.7,49.4,23.65,12.8425,4.29,478,1,0.18094858,0,0,0,0,"013949009983688"
2015-09-17 16:08:00,9,17,16,30.2,52.5,23.97,12.815,4.2625,476,0,0.34607485,0,0,0,0,"013949009983688"
2015-09-17 18:08:00,9,17,18,29.6,61,24.27,12.7325,4.29,472,0,0.3109481,0,0,0,0,"013949009983688"
2015-09-17 20:09:00,9,17,20,28.2,60.7,23.8,12.705,4.29,118,0,0.17929915,0,0,0,0,"013949009983688"
2015-09-17 22:09:00,9,17,22,26.4,73.4,23.39,12.65,4.2625,122,0,0.07104767,0,0,0,0,"013949009983688"
2015-09-18 00:09:00,9,18,0,25.6,87.1,23.07,12.65,4.29,123,0,0.02223676,0,0,0,0,"013949009983688"
2015-09-18 02:09:00,9,18,2,25,97.1,22.83,12.65,4.2625,121,0,0.00788061,0,0,0,0,"013949009983688"
2015-09-18 04:09:00,9,18,4,24.4,99.9,22.46,12.6225,4.2625,121,0,0.00384867,0,0,0,0,"013949009983688"
2015-09-18 06:09:00,9,18,6,24,99.6,22.21,12.6225,4.2625,25,0,0.04758911,0,0,0,0,"013949009983688"
2015-09-18 08:09:00,9,18,8,23.7,99.9,21.97,12.6225,4.2625,469,0,0.01172928,0,0,0,0,"013949009983688"
2015-09-18 10:09:00,9,18,10,23.3,99.9,22.17,12.7325,4.2625,473,0,0.04905527,0,0,0,0,"013949009983688"
2015-09-18 12:09:00,9,18,12,25.4,60.5,22.9,12.8975,4.2625,480,0,0.09383424,0,0,0,0,"013949009983688"
2015-09-18 14:09:00,9,18,14,26.7,51.4,22.61,12.8425,4.29,478,0,0.12022512,0,0,0,0,"013949009983688"
2015-09-18 16:09:00,9,18,16,26.6,47.6,21.68,12.705,4.2625,472,0,0.19267786,0,0,0,0,"013949009983688"
2015-09-18 18:09:00,9,18,18,27.1,39.8,21.23,12.6775,4.2625,471,0,0.26928472,0,0,0,0,"013949009983688"
2015-09-18 20:09:00,9,18,20,25.6,35.4,20.12,12.65,4.29,122,0,0.10886238,0,0,0,0,"013949009983688"
2015-09-18 22:09:00,9,18,22,23.1,36.4,19.34,12.595,4.2625,128,0,0.01307326,0,0,0,0,"013949009983688"
2015-09-19 00:09:00,9,19,0,21.2,57.8,18.53,12.6225,4.29,131,0,0.06890952,0,0,0,0,"013949009983688"
2015-09-19 02:10:00,9,19,2,18.79,76.4,17.69,12.5675,4.29,128,0,0.04771129,0,0,0,0,"013949009983688"
2015-09-19 04:10:00,9,19,4,17.7,84.2,16.98,12.595,4.2625,130,0,0.01001876,0,0,0,0,"013949009983688"
2015-09-19 06:10:00,9,19,6,16.6,91.3,16.47,12.5675,4.2625,16,0,0.03078936,0,0,0,0,"013949009983688"
2015-09-19 08:10:00,9,19,8,16.2,89.8,16.28,12.595,4.2625,469,0,0.01142383,0,0,0,0,"013949009983688"
2015-09-19 10:10:00,9,19,10,16.79,80.4,17.05,12.8975,4.2625,481,0,0.00354322,0,0,0,0,"013949009983688"
2015-09-19 12:10:00,9,19,12,20.2,66,18.77,12.925,4.2625,481,0,0.05687479,0,0,0,0,"013949009983688"
2015-09-19 14:10:00,9,19,14,21.4,66.8,19.96,12.925,4.2625,481,0,0.08741979,0,0,0,0,"013949009983688"
2015-09-19 16:10:00,9,19,16,24.1,56.1,20.39,12.8425,4.2625,478,0,0.06988696,0,0,0,0,"013949009983688"
2015-09-19 18:10:00,9,19,18,24.4,52.9,19.92,12.705,4.2625,471,0,0.07520179,0,0,0,0,"013949009983688"
2015-09-19 20:10:00,9,19,20,23.9,49,19.24,12.6775,4.2625,128,0,0.11228342,0,0,0,0,"013949009983688"
2015-09-19 22:10:00,9,19,22,21.6,63.3,18.53,12.65,4.2625,135,0,0.04606186,0,0,0,0,"013949009983688"
2015-09-20 02:10:00,9,20,2,18.4,89.3,17.26,12.595,4.2625,134,0,0.00971331,0,0,0,0,"013949009983688"
2015-09-20 04:10:00,9,20,4,17.1,99.9,16.59,12.5675,4.2625,132,0,0.01490596,0,0,0,0,"013949009983688"
2015-09-20 06:10:00,9,20,6,16,99.9,15.94,12.5675,4.2625,15,0,0.00409303,0,0,0,0,"013949009983688"
2015-09-20 08:11:00,9,20,8,15.2,99.9,15.44,12.5675,4.2625,468,0,0.01179037,0,0,0,0,"013949009983688"
2015-09-20 10:11:00,9,20,10,15.4,99.9,17.29,13.1725,4.2625,492,1,0.04013613,0,0,0,0,"013949009983688"
2015-09-20 12:11:00,9,20,12,24.3,52.7,19.55,12.8425,4.2625,477,0,0.21204339,0,0,0,0,"013949009983688"
2015-09-20 14:11:00,9,20,14,24.4,46.8,19.66,12.76,4.29,475,0,0.5766896,0,0,0,0,"013949009983688"
2015-09-20 16:11:00,9,20,16,25.1,43.6,19.2,12.815,4.29,476,0,0.56398288,0,0,0,0,"013949009983688"
2015-09-20 18:11:00,9,20,18,22.5,56.5,19.13,12.7325,4.29,472,0,0.25608928,0,0,0,0,"013949009983688"
2015-09-20 20:11:00,9,20,20,23.3,51.9,19.37,12.705,4.29,127,0,0.3628746,0,0,0,0,"013949009983688"
2015-09-20 22:11:00,9,20,22,21.9,57,17.34,12.6775,4.2625,133,0,0.08320458,0,0,0,0,"013949009983688"
2015-09-21 00:11:00,9,21,0,19.79,68.4,16.44,12.6775,4.29,135,0,0.05327048,0,0,0,0,"013949009983688"
2015-09-21 02:11:00,9,21,2,18.5,71.69,16.12,12.65,4.29,133,0,0.09249026,0,0,0,0,"013949009983688"
2015-09-21 04:11:00,9,21,4,17,81.4,15.15,12.6225,4.2625,135,0,0.02388619,0,0,0,0,"013949009983688"
2015-09-21 06:11:00,9,21,6,16.1,89.2,14.83,12.6225,4.2625,15,0,0.04441243,0,0,0,0,"013949009983688"
2015-09-21 08:11:00,9,21,8,15.2,95.3,15.25,12.6225,4.2625,470,0,0.02559671,0,0,0,0,"013949009983688"
2015-09-21 10:11:00,9,21,10,16,89.9,19.55,13.09,4.2625,487,0,0.10305883,0,0,0,0,"013949009983688"
2015-09-21 12:11:00,9,21,12,23.9,45.8,17.84,12.87,4.29,478,0,0.45066093,0,0,0,0,"013949009983688"
2015-09-21 14:11:00,9,21,14,24.8,36.59,19.56,12.8425,4.2625,478,0,0.3561547,0,0,0,0,"013949009983688"
2015-09-21 16:11:00,9,21,16,25.4,38.8,19.31,12.7875,4.2625,475,0,0.25920487,0,0,0,0,"013949009983688"
2015-09-21 18:11:00,9,21,18,26.1,34.09,19.13,12.7325,4.29,472,1,0.1472269,0,0,0,0,"013949009983688"
2015-09-21 20:11:00,9,21,20,25.4,36.59,17.84,12.7325,4.2625,127,0,0.05113233,0,0,0,0,"013949009983688"
2015-09-21 22:11:00,9,21,22,22,46.2,17.14,12.705,4.29,133,0,0.07953918,0,0,0,0,"013949009983688"
2015-09-22 00:11:00,9,22,0,19.2,56.7,16.53,12.705,4.29,134,0,0.07019241,0,0,0,0,"013949009983688"
2015-09-22 02:12:00,9,22,2,18.1,61.7,15.63,12.65,4.29,136,0,0.05766896,0,0,0,0,"013949009983688"
2015-09-22 04:12:00,9,22,4,16.7,70.3,14.84,12.65,4.2625,135,0,0.02883448,0,0,0,0,"013949009983688"
2015-09-22 06:12:00,9,22,6,15.5,78.1,14.06,12.6225,4.2625,15,0,0.01062966,0,0,0,0,"013949009983688"
2015-09-22 08:12:00,9,22,8,14.8,85,14.86,12.595,4.2625,469,0,0.01942662,0,0,0,0,"013949009983688"
2015-09-22 10:12:00,9,22,10,15.2,80.9,21.32,12.98,4.2625,482,0,0.05345375,0,0,0,0,"013949009983688"
2015-09-22 12:12:00,9,22,12,23.4,56,18.82,12.87,4.2625,479,0,0.14117899,0,0,0,0,"013949009983688"
2015-09-22 14:12:00,9,22,14,21.5,67.1,20.45,12.925,4.2625,481,1,0.21680841,0,0,0,0,"013949009983688"
2015-09-22 16:12:00,9,22,16,24.3,50.5,20.34,12.8975,4.29,480,1,0.29518688,0,0,0,0,"013949009983688"
2015-09-22 18:12:00,9,22,18,24.5,44.7,19.51,12.7875,4.29,474,0,0.28608447,0,0,0,0,"013949009983688"
2015-09-22 20:12:00,9,22,20,22.8,53.3,18.79,12.7325,4.29,131,0,0.11680408,0,0,0,0,"013949009983688"
2015-09-22 22:12:00,9,22,22,21.3,65.6,18.23,12.705,4.29,129,0,0.00769734,0,0,0,0,"013949009983688"
2015-09-23 00:12:00,9,23,0,20.4,69.8,18.27,12.6775,4.29,132,0,0.0152725,0,0,0,0,"013949009983688"
2015-09-23 02:12:00,9,23,2,19.9,73.9,17.92,12.6775,4.2625,134,0,0.07434653,0,0,0,0,"013949009983688"
2015-09-23 04:12:00,9,23,4,19.5,79.19,17.78,12.65,4.29,132,0,0.10067632,0,0,0,0,"013949009983688"
2015-09-23 06:12:00,9,23,6,19.1,81.6,16.55,12.6225,4.29,19,0,0.06927606,0,0,0,0,"013949009983688"
2015-09-23 08:12:00,9,23,8,17.79,96.9,17.36,12.6225,4.2625,471,0,0.17667228,0,0,0,0,"013949009983688"
2015-09-23 10:12:00,9,23,10,18.7,88.6,18.58,12.65,4.29,472,0,0.38187359,0,0,0,0,"013949009983688"
2015-09-23 12:12:00,9,23,12,20.29,79.3,17.67,12.6225,4.2625,468,0,0.29579778,0,23.64,0,0,"013949009983688"
2015-09-23 14:13:00,9,23,14,18,99.9,18.2,12.7325,4.29,474,1,0.09132955,0,14.184,0,0,"013949009983688"
2015-09-23 16:13:00,9,23,16,19,99.9,17.68,12.6775,4.2625,472,0,0.32738131,0,1.576,0,0,"013949009983688"
2015-09-23 18:13:00,9,23,18,18.1,99.9,16.55,12.595,4.29,468,0,0.14343932,0,0,0,0,"013949009983688"
2015-09-23 20:13:00,9,23,20,18.29,99.9,15.69,12.595,4.29,129,0,0.49446246,0,0,0,0,"013949009983688"
2015-09-23 22:13:00,9,23,22,16.79,99.1,15.14,12.595,4.29,129,0,0.617009,0,0,0,0,"013949009983688"
2015-09-24 00:13:00,9,24,0,16.6,88.5,15.25,12.5675,4.2625,131,0,0.11979749,0,0,0,0,"013949009983688"
2015-09-24 02:13:00,9,24,2,16.9,84.8,14.95,12.54,4.29,130,0,0.05650825,0,0,0,0,"013949009983688"
2015-09-24 04:13:00,9,24,4,15.4,99.6,14.77,12.54,4.29,134,0,0.07782866,0,0,0,0,"013949009983688"
2015-09-24 06:13:00,9,24,6,15.4,96,13.69,12.5125,4.29,13,0,0.10489153,0,0,0,0,"013949009983688"
2015-09-24 08:13:00,9,24,8,14.2,93.4,15.03,12.5675,4.2625,469,0,0.06976478,0,0,0,0,"013949009983688"
2015-09-24 10:13:00,9,24,10,16.2,77,15.53,12.7325,4.29,475,0,0.30575545,0,0,0,0,"013949009983688"
2015-09-24 12:13:00,9,24,12,17.29,61.7,17.08,12.9525,4.29,483,0,0.68823994,0,0,0,0,"013949009983688"
2015-09-24 14:13:00,9,24,14,18.9,55.8,15.96,12.815,4.29,477,0,0.56575449,0,0,0,0,"013949009983688"
2015-09-24 16:13:00,9,24,16,18,62.9,16.56,12.8425,4.29,479,1,0.58658618,0,0,0,0,"013949009983688"
2015-09-24 18:13:00,9,24,18,18.6,59.6,15.76,12.7325,4.29,471,0,0.45457069,0,0,0,0,"013949009983688"
2015-09-24 20:13:00,9,24,20,17.5,68,15.74,12.6775,4.29,132,0,0.36275242,0,0,0,0,"013949009983688"
2015-09-24 22:13:00,9,24,22,17.6,66.19,15.74,12.65,4.29,131,0,0.42127664,0,0,0,0,"013949009983688"
2015-09-25 00:13:00,9,25,0,17.7,70.19,15.61,12.65,4.29,134,0,0.34369234,0,0,0,0,"013949009983688"
2015-09-25 02:13:00,9,25,2,17.79,65.3,15.97,12.595,4.29,133,0,0.10177594,0,0,0,0,"013949009983688"
2015-09-25 04:13:00,9,25,4,18.5,62.8,15.74,12.5675,4.29,133,0,0.0739189,0,0,0,0,"013949009983688"
2015-09-25 06:14:00,9,25,6,17.79,66,15.14,12.5675,4.29,17,0,0.07116985,0,0,0,0,"013949009983688"
2015-09-25 08:14:00,9,25,8,17,67.6,15.49,12.595,4.29,470,0,0.1056857,0,0,0,0,"013949009983688"
2015-09-25 10:14:00,9,25,10,17,70.3,18.85,12.87,4.2625,479,0,0.03439367,0,0,0,0,"013949009983688"
2015-09-25 12:14:00,9,25,12,22,51.7,18.94,12.87,4.29,479,0,0.36702872,0,0,0,0,"013949009983688"
2015-09-25 14:14:00,9,25,14,22.3,50.5,18.87,12.87,4.29,480,0,0.46287893,0,0,0,0,"013949009983688"
2015-09-25 16:14:00,9,25,16,21.5,54,17.71,12.815,4.29,477,0,0.51572178,0,0,0,0,"013949009983688"
2015-09-25 18:14:00,9,25,18,21.4,54.5,18.02,12.7325,4.29,473,0,0.35755977,0,0,0,0,"013949009983688"
2015-09-25 20:14:00,9,25,20,21.2,55.1,17.02,12.6775,4.29,132,0,0.19536582,0,0,0,0,"013949009983688"
2015-09-25 22:14:00,9,25,22,19.7,61.9,16.48,12.65,4.29,136,0,0.2095387,0,0,0,0,"013949009983688"
2015-09-26 00:14:00,9,26,0,19.2,58.3,16.04,12.6225,4.29,131,0,0.16848622,0,0,0,0,"013949009983688"
2015-09-26 02:14:00,9,26,2,18.5,62.5,15.85,12.595,4.29,132,0,0.15785656,0,0,0,0,"013949009983688"
2015-09-26 04:14:00,9,26,4,17.7,70.5,15.62,12.5675,4.2625,135,0,0.08790851,0,0,0,0,"013949009983688"
2015-09-26 06:14:00,9,26,6,18.1,65.8,15.62,12.54,4.2625,17,0,0.20672856,0,0,0,0,"013949009983688"
2015-09-26 08:14:00,9,26,8,18.2,66.1,14.39,12.5675,4.29,467,0,0.0580355,0,0,0,0,"013949009983688"
2015-09-26 10:14:00,9,26,10,14.8,95.3,17.97,12.8425,4.2625,479,0,0.11570446,0,0,0,0,"013949009983688"
2015-09-26 12:14:00,9,26,12,22,51.6,20.34,12.815,4.29,477,0,0.75122373,0,0,0,0,"013949009983688"
2015-09-26 14:14:00,9,26,14,23.1,42.8,20.22,12.87,4.29,479,0,0.8717543,0,0,0,0,"013949009983688"
2015-09-26 16:14:00,9,26,16,23.3,45,19.92,12.7875,4.29,476,0,0.82764732,0,0,0,0,"013949009983688"
2015-09-26 18:14:00,9,26,18,22.9,46.1,18.67,12.705,4.29,470,0,0.63582472,0,0,0,0,"013949009983688"
2015-09-26 20:14:00,9,26,20,21.5,50.2,17.46,12.65,4.29,130,0,0.4502333,0,0,0,0,"013949009983688"
2015-09-26 22:14:00,9,26,22,20.29,50.5,16.86,12.6225,4.29,132,0,0.32047814,0,0,0,0,"013949009983688"
2015-09-27 02:14:00,9,27,2,19.2,54.8,16.64,12.5675,4.29,133,0,0.29830247,0,0,0,0,"013949009983688"
2015-09-27 04:14:00,9,27,4,19,56,16.58,12.54,4.29,130,0,0.35768195,0,0,0,0,"013949009983688"
2015-09-27 06:15:00,9,27,6,19.1,52.4,16.23,12.54,4.29,18,0,0.45811391,0,0,0,0,"013949009983688"
2015-09-27 08:15:00,9,27,8,18.7,52.1,15.92,12.5675,4.29,468,0,0.26959017,0,0,0,0,"013949009983688"
2015-09-27 10:15:00,9,27,10,18.29,56.4,17.62,12.87,4.29,479,0,0.39781808,0,0,0,0,"013949009983688"
2015-09-27 12:15:00,9,27,12,20.6,47.2,19.73,12.815,4.29,477,0,0.6084564,0,0,0,0,"013949009983688"
2015-09-27 14:15:00,9,27,14,22.1,40.9,19.08,12.76,4.29,475,0,0.6280052,0,0,0,0,"013949009983688"
2015-09-27 16:15:00,9,27,16,22.5,40.7,18.85,12.6775,4.29,471,0,0.64480495,0,0,0,0,"013949009983688"
2015-09-27 18:15:00,9,27,18,22.6,40.4,17.9,12.65,4.29,469,0,0.57815576,0,0,0,0,"013949009983688"
2015-09-27 20:15:00,9,27,20,21.1,38.8,16.32,12.5675,4.29,129,0,0.38040743,0,0,0,0,"013949009983688"
2015-09-27 22:15:00,9,27,22,19.2,48.4,15.69,12.5675,4.29,130,0,0.22896532,0,0,0,0,"013949009983688"
2015-09-28 00:15:00,9,28,0,18.4,51.6,15.34,12.54,4.29,132,0,0.2822358,0,0,0,0,"013949009983688"
2015-09-28 02:15:00,9,28,2,18,54.9,15.54,12.54,4.29,134,0,0.1447833,0,0,0,0,"013949009983688"
2015-09-28 04:15:00,9,28,4,17.79,57.7,15.97,12.5125,4.29,132,0,0.20367406,0,0,0,0,"013949009983688"
2015-09-28 06:15:00,9,28,6,18.29,54.1,15.86,12.5125,4.2625,18,0,0.49201886,0,0,0,0,"013949009983688"
2015-09-28 08:15:00,9,28,8,17.9,53.9,16.09,12.5125,4.29,465,0,0.29146039,0,0,0,0,"013949009983688"
2015-09-28 10:15:00,9,28,10,18,53,17.32,12.6775,4.29,473,0,0.31540767,0,0,0,0,"013949009983688"
2015-09-28 12:15:00,9,28,12,19.4,50.5,17.83,12.8975,4.29,481,0,0.48267209,0,0,0,0,"013949009983688"
2015-09-28 14:15:00,9,28,14,20.29,44.2,17.31,12.815,4.29,477,0,0.51883737,0,0,0,0,"013949009983688"
2015-09-28 16:15:00,9,28,16,19.9,45.5,17.78,12.815,4.2625,477,0,0.62122421,0,0,0,0,"013949009983688"
2015-09-28 18:15:00,9,28,18,20,39.9,16.69,12.6775,4.29,470,0,0.6115109,0,0,0,0,"013949009983688"
2015-09-28 20:15:00,9,28,20,18.4,45.4,16,12.595,4.29,131,0,0.98929146,0,0,0,0,"013949009983688"
2015-09-28 22:15:00,9,28,22,17.6,47.8,15.74,12.5675,4.29,131,0,0.62287364,0,0,0,0,"013949009983688"
2015-09-29 00:15:00,9,29,0,17.5,44,15.88,12.54,4.29,129,0,0.95813556,0,0,0,0,"013949009983688"
2015-09-29 02:15:00,9,29,2,17.1,50,15.62,12.5125,4.29,129,0,1.13150898,0,0,0,0,"013949009983688"
2015-09-29 04:15:00,9,29,4,16.9,52.8,14.87,12.5125,4.29,134,0,0.74297658,0,0,0,0,"013949009983688"
2015-09-29 06:15:00,9,29,6,16.29,60.4,14.87,12.485,4.29,16,0,0.54455626,0,0,0,0,"013949009983688"
2015-09-29 08:15:00,9,29,8,16.4,60.3,15.13,12.5125,4.29,466,0,1.19162154,0,0,0,0,"013949009983688"
2015-09-29 10:15:00,9,29,10,16.5,56.3,17.07,12.8425,4.29,479,0,1.17958681,0,0,0,0,"013949009983688"
2015-09-29 12:15:00,9,29,12,18.4,47.8,16.65,12.76,4.29,475,0,1.36401752,0,0,0,0,"013949009983688"
2015-09-29 14:15:00,9,29,14,18.4,44.6,16.35,12.705,4.29,473,0,1.17543269,0,0,0,0,"013949009983688"
2015-09-29 16:16:00,9,29,16,18.6,45.2,16.8,12.6225,4.2625,469,0,1.08697437,0,0,0,0,"013949009983688"
2015-09-29 18:16:00,9,29,18,19.2,41.4,16.06,12.5675,4.2625,466,0,1.05087018,0,0,0,0,"013949009983688"
2015-09-29 20:16:00,9,29,20,17.9,46.8,14.96,12.5125,4.29,132,0,0.9798836,0,0,0,0,"013949009983688"
2015-09-29 22:16:00,9,29,22,16.7,51.9,13.76,12.485,4.29,139,0,0.22896532,0,0,0,0,"013949009983688"
2015-09-30 00:16:00,9,30,0,15.7,56.4,14.35,12.485,4.29,135,0,0.43551061,0,0,0,0,"013949009983688"
2015-09-30 02:16:00,9,30,2,16.2,56,13.98,12.4575,4.29,136,0,0.44504065,0,0,0,0,"013949009983688"
2015-09-30 04:16:00,9,30,4,15.4,65.3,13.35,12.4575,4.29,139,0,0.18436962,0,0,0,0,"013949009983688"
2015-09-30 06:16:00,9,30,6,14.7,67.3,13.25,12.43,4.2625,14,0,0.0665881,0,0,0,0,"013949009983688"
2015-09-30 08:16:00,9,30,8,14.7,70.1,14.43,12.43,4.29,463,0,0.09249026,0,0,0,0,"013949009983688"
2015-09-30 10:16:00,9,30,10,16.1,62.4,14.17,12.65,4.29,472,0,0.55927895,0,0,0,0,"013949009983688"
2015-09-30 12:16:00,9,30,12,17.29,54.8,15.81,12.8425,4.29,479,0,0.95532542,0,0,0,0,"013949009983688"
2015-09-30 14:16:00,9,30,14,18.7,47.8,16.56,12.7875,4.2625,476,1,0.94060273,0,0,0,0,"013949009983688"
2015-09-30 16:16:00,9,30,16,18.4,46.2,16.71,12.76,4.29,475,1,0.58909087,0,0,0,0,"013949009983688"
2015-09-30 18:16:00,9,30,18,19,45.1,16.13,12.6225,4.2625,469,0,0.86766127,0,0,0,0,"013949009983688"
2015-09-30 20:16:00,9,30,20,17.5,49,15.17,12.5675,4.29,130,0,0.79679687,0,0,0,0,"013949009983688"
2015-09-30 22:16:00,9,30,22,16.6,51.5,14.82,12.5125,4.29,134,0,0.38150705,0,0,0,0,"013949009983688"
2015-10-01 00:16:00,10,1,0,16.29,55.3,14.05,12.4575,4.29,134,0,0.26989562,0,0,0,0,"013949009983688"
2015-10-01 04:16:00,10,1,4,15.4,57.3,14.11,12.4575,4.29,132,0,0.77456011,0,0,0,0,"013949009983688"
2015-10-01 06:16:00,10,1,6,15.3,58.9,13.81,12.43,4.29,15,0,0.55152052,0,0,0,0,"013949009983688"
2015-10-01 08:16:00,10,1,8,15,63.3,13.78,12.43,4.29,462,0,0.31681274,0,0,0,0,"013949009983688"
2015-10-01 10:16:00,10,1,10,15.1,63.3,14.27,12.485,4.2625,465,0,0.42170427,0,0,0,0,"013949009983688"
2015-10-01 12:16:00,10,1,12,15.2,73.9,14.57,12.595,4.29,470,0,0.70394007,0,0,0,0,"013949009983688"
2015-10-01 14:16:00,10,1,14,15.5,67.1,14.05,12.595,4.29,470,0,0.73191929,0,0,0,0,"013949009983688"
2015-10-01 16:16:00,10,1,16,15.3,74.5,13.61,12.54,4.29,467,0,0.57442927,0,6.304,0,0,"013949009983688"
2015-10-01 18:16:00,10,1,18,15,88,13.74,12.4575,4.29,462,0,0.43716004,0,6.304,0,0,"013949009983688"
2015-10-01 20:17:00,10,1,20,14.6,96.8,13.55,12.4025,4.29,134,0,0.42494204,0,0,0,0,"013949009983688"
2015-10-01 22:17:00,10,1,22,15.3,87.8,13.43,12.4025,4.29,131,0,0.5088797,0,1.576,0,0,"013949009983688"
2015-10-02 00:17:00,10,2,0,16.4,70.4,13.84,12.43,4.29,125,0,0.89838954,0,0,0,0,"013949009983688"
2015-10-02 02:17:00,10,2,2,16.9,68.4,14.86,12.4025,4.29,129,0,1.34147531,0,0,0,0,"013949009983688"
2015-10-02 04:17:00,10,2,4,17.5,66.69,15.38,12.4025,4.2625,128,0,1.40940739,0,0,0,0,"013949009983688"
2015-10-02 06:17:00,10,2,6,17.6,65,15.55,12.4025,4.2625,17,0,1.02001973,0,0,0,0,"013949009983688"
2015-10-02 08:17:00,10,2,8,18,64.4,16.01,12.4025,4.29,460,0,1.39523451,0,0,0,0,"013949009983688"
2015-10-02 10:17:00,10,2,10,18.1,64.6,17.1,12.43,4.29,463,0,1.57642745,0,0,0,0,"013949009983688"
2015-10-02 12:17:00,10,2,12,19.29,62.7,19.13,12.65,4.29,472,0,1.4038482,0,0,0,0,"013949009983688"
2015-10-02 14:17:00,10,2,14,21.9,55.2,19.6,12.6775,4.29,473,0,1.12301747,0,0,0,0,"013949009983688"
2015-10-02 16:17:00,10,2,16,22.7,54.8,20.05,12.65,4.29,471,0,0.92435279,0,0,0,0,"013949009983688"
2015-10-02 18:17:00,10,2,18,23.2,56.4,18.45,12.485,4.2625,395,0,1.07133533,0,0,0,0,"013949009983688"
2015-10-02 20:17:00,10,2,20,21,73.5,16.9,12.43,4.29,131,0,0.11765934,0,39.4,0,0,"013949009983688"
2015-10-02 22:17:00,10,2,22,17.5,99.9,16.82,12.375,4.29,134,0,0.00959113,0,0,0,0,"013949009983688"
2015-10-03 00:17:00,10,3,0,17,99.9,16.73,12.375,4.29,130,0,0.0036654,0,0,0,0,"013949009983688"
2015-10-03 02:17:00,10,3,2,16.7,99.9,16.58,12.3475,4.29,132,0,0.00623118,0,0,0,0,"013949009983688"
2015-10-03 04:17:00,10,3,4,16.5,99.9,15.9,12.32,4.29,131,0,0.05406465,0,0,0,0,"013949009983688"
2015-10-03 06:17:00,10,3,6,15.8,99.9,16.15,12.32,4.2625,16,0,0.01508923,0,0,0,0,"013949009983688"
2015-10-03 08:17:00,10,3,8,15.4,99.9,16.15,12.32,4.2625,458,0,0.12639521,0,0,0,0,"013949009983688"
2015-10-03 10:17:00,10,3,10,15.8,99.9,16.8,12.54,4.2625,468,0,0.14631055,0,0,0,0,"013949009983688"
2015-10-03 12:18:00,10,3,12,18.2,99.9,17.11,12.54,4.2625,467,0,0.07257492,0,0,0,0,"013949009983688"
2015-10-03 14:18:00,10,3,14,20.5,73.9,17.06,12.5125,4.2625,466,0,0.11222233,0,0,0,0,"013949009983688"
2015-10-03 16:18:00,10,3,16,20.9,65.69,16.97,12.4025,4.2625,460,0,0.12407379,0,1.576,0,0,"013949009983688"
2015-10-03 18:18:00,10,3,18,21.6,58.5,16.76,12.375,4.2625,459,0,0.06328924,0,0,0,0,"013949009983688"
2015-10-03 20:18:00,10,3,20,21,60.6,16.5,12.3475,4.2625,127,0,0.02602434,0,0,0,0,"013949009983688"
2015-10-03 22:18:00,10,3,22,18.2,78.5,15.93,12.3475,4.2625,133,0,0.02095387,0,0,0,0,"013949009983688"
2015-10-04 04:18:00,10,4,4,16.29,99.9,16.2,12.2925,4.2625,130,0,0.14368368,0,0,0,0,"013949009983688"
2015-10-04 06:18:00,10,4,6,17.29,94,15.76,12.2925,4.2625,16,0,0.47509693,0,0,0,0,"013949009983688"
2015-10-04 08:18:00,10,4,8,18.2,86.6,15.85,12.32,4.29,457,0,0.78854972,0,0,0,0,"013949009983688"
2015-10-04 10:18:00,10,4,10,17.79,96.1,16.27,12.3475,4.29,460,0,0.72073982,0,20.488,0,0,"013949009983688"
2015-10-04 12:18:00,10,4,12,16.79,99.9,16.63,12.375,4.2625,462,0,0.16213286,0,53.584,0,0,"013949009983688"
2015-10-04 14:18:00,10,4,14,17.2,99.9,17.23,12.4025,4.29,462,0,0.37924672,0,1.576,0,0,"013949009983688"
2015-10-04 16:19:00,10,4,16,20,99.9,18.22,12.485,4.29,465,0,0.40826447,0,0,0,0,"013949009983688"
2015-10-04 18:19:00,10,4,18,22.6,99.9,17.86,12.375,4.2625,459,0,0.08283804,0,14.184,0,0,"013949009983688"
2015-10-04 20:19:00,10,4,20,20,99.9,17.5,12.32,4.2625,125,0,0.00928568,0,0,0,0,"013949009983688"
2015-10-04 22:19:00,10,4,22,19.29,99.9,17.37,12.2925,4.2625,122,0,0.09933234,0,0,0,0,"013949009983688"
2015-10-05 00:19:00,10,5,0,18.79,99.9,17.31,12.2925,4.2625,122,0,0.02486363,0,0,0,0,"013949009983688"
2015-10-05 02:19:00,10,5,2,18.7,99.9,17.33,12.2375,4.2625,123,0,0.08644235,0,0,0,0,"013949009983688"
2015-10-05 04:19:00,10,5,4,18.79,99.9,17.36,12.265,4.2625,125,0,0.10226466,0,0,0,0,"013949009983688"
2015-10-05 06:19:00,10,5,6,18.5,99.9,17.25,12.2375,4.2625,15,0,0.00843042,0,0,0,0,"013949009983688"
2015-10-05 08:19:00,10,5,8,17.79,99.9,17.42,12.265,4.2625,457,0,0.00763625,0,0,0,0,"013949009983688"
2015-10-05 10:19:00,10,5,10,18.2,99.9,17.78,12.2925,4.2625,458,0,0.00323777,0,0,0,0,"013949009983688"
2015-10-05 12:19:00,10,5,12,19,99.9,18.66,12.4575,4.2625,464,0,0.04141902,0,0,0,0,"013949009983688"
2015-10-05 14:19:00,10,5,14,22,99.9,19.05,12.4025,4.2625,463,0,0.08253259,0,0,0,0,"013949009983688"
2015-10-05 16:20:00,10,5,16,24.2,91,19.18,12.4025,4.2625,463,0,0.15186974,0,0,0,0,"013949009983688"
2015-10-05 18:20:00,10,5,18,24.6,78.9,18.65,12.32,4.2625,456,0,0.17557266,0,0,0,0,"013949009983688"
2015-10-05 20:20:00,10,5,20,22.5,87.8,18.1,12.265,4.2625,123,0,0.01606667,0,0,0,0,"013949009983688"
2015-10-05 22:20:00,10,5,22,20.8,99.9,18.15,12.265,4.2625,125,0,0.01215691,0,0,0,0,"013949009983688"
2015-10-06 00:20:00,10,6,0,20,99.9,18.11,12.2375,4.2625,127,0,0.06365578,0,0,0,0,"013949009983688"
2015-10-06 02:20:00,10,6,2,19.7,99.9,18.08,12.2375,4.2625,126,0,0.0873587,0,0,0,0,"013949009983688"
2015-10-06 04:20:00,10,6,4,19.4,99.9,17.98,12.2375,4.2625,124,0,0.00604791,0,0,0,0,"013949009983688"
2015-10-06 06:20:00,10,6,6,19.2,99.9,17.92,12.21,4.2625,17,0,0.01618885,0,0,0,0,"013949009983688"
2015-10-06 08:20:00,10,6,8,18.79,99.9,17.87,12.21,4.2625,454,0,0.04502333,0,11.032,0,0,"013949009983688"
2015-10-06 10:20:00,10,6,10,18.29,99.9,18.26,12.2375,4.2625,456,0,0.0152725,0,3.152,0,0,"013949009983688"
2015-10-06 12:20:00,10,6,12,19,99.9,18.53,12.265,4.2625,457,0,0.01661648,0,7.88,0,0,"013949009983688"
2015-10-06 14:21:00,10,6,14,19.79,99.9,19.14,12.4025,4.2625,461,0,0.15077012,0,1.576,0,0,"013949009983688"
2015-10-06 16:21:00,10,6,16,22.3,99.9,19.06,12.2925,4.2625,457,0,0.12444033,0,0,0,0,"013949009983688"
2015-10-06 18:21:00,10,6,18,23,99.9,19,12.265,4.2625,454,0,0.0439848,0,0,0,0,"013949009983688"
2015-10-06 20:21:00,10,6,20,22.6,99.9,19,12.2375,4.2625,119,0,0.0085526,0,0,0,0,"013949009983688"
2015-10-06 22:21:00,10,6,22,21.8,99.9,18.82,12.21,4.2625,121,0,0.00421521,0,0,0,0,"013949009983688"
2015-10-07 00:21:00,10,7,0,20.6,99.9,18.68,12.1825,4.2625,120,0,0.08479292,0,0,0,0,"013949009983688"
2015-10-07 02:21:00,10,7,2,20.1,99.9,18.57,12.1825,4.2625,120,0,0.02211458,0,0,0,0,"013949009983688"
2015-10-07 04:21:00,10,7,4,19.29,99.9,18.23,12.155,4.2625,124,0,0.1398961,0,1.576,0,0,"013949009983688"
2015-10-07 06:21:00,10,7,6,18.29,99.9,18.09,12.155,4.2625,15,0,0.11906441,0,0,0,0,"013949009983688"
2015-10-07 08:21:00,10,7,8,18.7,99.9,17.79,12.155,4.2625,440,0,0.01472269,0,9.456,0,0,"013949009983688"
2015-10-07 10:21:00,10,7,10,17.9,99.9,18.32,12.2925,4.2625,458,0,0.05076579,0,1.576,0,0,"013949009983688"
2015-10-07 12:21:00,10,7,12,19.6,99.9,19.34,12.485,4.2625,466,0,0.0629227,0,0,0,0,"013949009983688"
2015-10-07 14:21:00,10,7,14,22,99.9,18.68,12.2925,4.2625,457,0,0.0757516,0,0,0,0,"013949009983688"
2015-10-07 16:21:00,10,7,16,22.9,85.3,18.74,12.265,4.2625,456,0,0.16115542,0,9.456,0,0,"013949009983688"
2015-10-07 18:21:00,10,7,18,19.79,99.9,18.7,12.2375,4.2625,453,0,0.05546972,0,0,0,0,"013949009983688"
2015-10-07 20:21:00,10,7,20,20.4,99.9,18.24,12.1825,4.2625,122,0,0.01252345,0,0,0,0,"013949009983688"
2015-10-07 22:22:00,10,7,22,19.2,99.9,17.92,12.155,4.2625,123,0,0.02425273,0,0,0,0,"013949009983688"
2015-10-08 00:22:00,10,8,0,18.4,99.9,17.27,12.155,4.2625,128,0,0.00403194,0,0,0,0,"013949009983688"
2015-10-08 02:22:00,10,8,2,17.29,99.9,16.73,12.1275,4.2625,124,0,0.00928568,0,0,0,0,"013949009983688"
2015-10-08 04:22:00,10,8,4,16.2,99.9,16.34,12.1,4.2625,125,0,0.01093511,0,0,0,0,"013949009983688"
2015-10-08 06:22:00,10,8,6,15.2,99.9,16.33,12.1275,4.2625,12,0,0.00030545,0,0,0,0,"013949009983688"
2015-10-08 08:22:00,10,8,8,15,99.9,16.46,12.155,4.2625,453,0,0.03274424,0,0,0,0,"013949009983688"
2015-10-08 10:22:00,10,8,10,17.4,99.9,18.05,12.2925,4.2625,459,0,0.06713791,0,0,0,0,"013949009983688"
2015-10-08 12:22:00,10,8,12,20.5,77,16.62,12.155,4.2625,453,0,0.36440185,0,0,0,0,"013949009983688"
2015-10-08 14:22:00,10,8,14,22.2,53.2,17.26,12.1825,4.2625,453,0,0.46471163,0,0,0,0,"013949009983688"
2015-10-08 16:22:00,10,8,16,23.2,47.2,17.01,12.1825,4.2625,452,0,0.43331137,0,0,0,0,"013949009983688"
2015-10-08 18:22:00,10,8,18,23,48.1,16.85,12.155,4.2625,450,0,0.51993699,0,0,0,0,"013949009983688"
2015-10-08 20:22:00,10,8,20,22,53,16.24,12.155,4.2625,121,0,0.29720285,0,0,0,0,"013949009983688"
2015-10-08 22:22:00,10,8,22,20.6,51.2,15.62,12.155,4.2625,123,0,0.07679013,0,0,0,0,"013949009983688"
2015-10-09 00:22:00,10,9,0,17.2,99.9,15.18,12.1,4.29,128,0,0.02290875,0,0,0,0,"013949009983688"
2015-10-09 02:22:00,10,9,2,16.1,99.9,14.81,12.1,4.2625,126,0,0,0,0,0,0,"013949009983688"
2015-10-09 04:23:00,10,9,4,14.6,99.9,14.32,12.0725,4.2625,126,0,0,0,0,0,0,"013949009983688"
2015-10-09 06:23:00,10,9,6,13.7,99.9,13.63,12.0725,4.2625,11,0,0,0,0,0,0,"013949009983688"
2015-10-09 08:23:00,10,9,8,13.1,99.9,14.37,12.1,4.2625,451,0,0,0,0,0,0,"013949009983688"
2015-10-09 10:23:00,10,9,10,13.5,99.9,16.42,12.3475,4.2625,461,0,0,0,0,0,0,"013949009983688"
2015-10-09 12:23:00,10,9,12,16.7,99.9,17.96,12.4025,4.2625,463,0,0.0073308,0,0,0,0,"013949009983688"
2015-10-09 14:23:00,10,9,14,20,76.19,17.98,12.32,4.2625,459,0,0.06793208,0,0,0,0,"013949009983688"
2015-10-09 16:23:00,10,9,16,22.3,57.2,18.09,12.265,4.2625,457,0,0.23018712,0,0,0,0,"013949009983688"
2015-10-09 18:23:00,10,9,18,22.8,51.1,16.91,12.1825,4.2625,450,0,0.46397855,0,0,0,0,"013949009983688"
2015-10-09 20:23:00,10,9,20,20.8,59.7,16.57,12.1275,4.2625,125,0,0.67589976,0,0,0,0,"013949009983688"
2015-10-09 22:23:00,10,9,22,19.6,67.9,16.29,12.1275,4.29,126,0,0.59434461,0,0,0,0,"013949009983688"
2015-10-10 00:23:00,10,10,0,19,65.3,16.28,12.1,4.2625,129,0,0.76600751,0,0,0,0,"013949009983688"
2015-10-10 02:23:00,10,10,2,18.7,68.3,16.39,12.1,4.29,128,0,0.65005869,0,0,0,0,"013949009983688"
2015-10-10 04:23:00,10,10,4,18.79,74.19,16.39,12.1,4.2625,123,0,0.40478234,0,0,0,0,"013949009983688"
2015-10-10 06:23:00,10,10,6,18.79,75.9,16.39,12.0725,4.29,16,0,0.70980471,0,0,0,0,"013949009983688"
2015-10-10 08:23:00,10,10,8,18.5,73.8,15.67,12.0725,4.2625,447,0,0.91237915,0,0,0,0,"013949009983688"
2015-10-10 10:23:00,10,10,10,17.5,99.9,15.49,12.0725,4.29,450,0,0.63845159,0,3.152,0,0,"013949009983688"
2015-10-10 12:23:00,10,10,12,17.9,99.9,15.39,12.155,4.29,454,0,1.01146713,0,3.152,0,0,"013949009983688"
2015-10-10 14:23:00,10,10,14,17.6,99.9,14.95,12.1,4.2625,450,0,1.23242966,0,7.88,0,0,"013949009983688"
2015-10-10 16:23:00,10,10,16,17,99.9,14.51,12.0725,4.2625,449,0,0.57778922,0,7.88,0,0,"013949009983688"
2015-10-10 18:23:00,10,10,18,16.79,99.9,14.46,12.0175,4.29,363,0,0.39659628,0,0,0,0,"013949009983688"
2015-10-10 20:23:00,10,10,20,16.4,99.9,14.3,12.0175,4.29,123,0,0.41730579,0,1.576,0,0,"013949009983688"
2015-10-10 22:23:00,10,10,22,15.9,99.9,14.57,12.0175,4.2625,119,0,0.19762615,0,1.576,0,0,"013949009983688"
2015-10-11 00:23:00,10,11,0,16.6,88.5,14.29,12.0175,4.2625,116,0,0.37888018,0,0,0,0,"013949009983688"
2015-10-11 02:23:00,10,11,2,16.29,89.8,13.96,12.0175,4.29,120,0,0.47674636,0,0,0,0,"013949009983688"
2015-10-11 04:24:00,10,11,4,15.8,93.6,13.74,12.0175,4.2625,121,0,0.5149887,0,0,0,0,"013949009983688"
2015-10-11 06:24:00,10,11,6,15.9,77.8,13.99,11.99,4.29,12,0,0.31901198,0,0,0,0,"013949009983688"
2015-10-11 08:24:00,10,11,8,15.8,76.6,13.92,12.0175,4.2625,447,0,0.097744,0,0,0,0,"013949009983688"
2015-10-11 10:24:00,10,11,10,15.2,91,14.98,12.0175,4.2625,447,0,0.02596325,0,0,0,0,"013949009983688"
2015-10-11 12:24:00,10,11,12,17.4,66.19,15.89,12.0725,4.29,451,0,0.29427053,0,0,0,0,"013949009983688"
2015-10-11 14:24:00,10,11,14,20.7,44.7,17.34,12.155,4.2625,453,0,0.35969792,0,0,0,0,"013949009983688"
2015-10-11 16:24:00,10,11,16,21.6,39.3,16.74,12.1275,4.2625,451,0,0.17459522,0,0,0,0,"013949009983688"
2015-10-11 18:24:00,10,11,18,22.3,39.7,15.32,12.0175,4.2625,444,0,0.07349127,0,0,0,0,"013949009983688"
2015-10-11 20:24:00,10,11,20,19.79,57.5,15.16,11.99,4.2625,123,0,0.03750926,0,0,0,0,"013949009983688"
2015-10-11 22:24:00,10,11,22,17.6,87.7,14.05,11.935,4.2625,128,0,0.07782866,0,0,0,0,"013949009983688"
2015-10-12 00:24:00,10,12,0,14.8,99.9,13.62,11.9075,4.2625,130,0,0.08595363,0,0,0,0,"013949009983688"
2015-10-12 02:24:00,10,12,2,13.6,99.9,13.16,11.935,4.2625,129,0,0.02486363,0,0,0,0,"013949009983688"
2015-10-12 04:24:00,10,12,4,13,99.9,13.02,11.9075,4.2625,129,0,0.00378758,0,0,0,0,"013949009983688"
2015-10-12 06:24:00,10,12,6,12.3,99.9,13.07,11.88,4.2625,10,0,0.02907884,0,0,0,0,"013949009983688"
2015-10-12 08:24:00,10,12,8,12.5,99.9,13.45,11.935,4.2625,445,0,0.01093511,0,0,0,0,"013949009983688"
2015-10-12 10:25:00,10,12,10,13,99.9,15.86,12.21,4.2625,456,0,0.02113714,0,0,0,0,"013949009983688"
2015-10-12 12:25:00,10,12,12,16.7,99.9,17.8,12.265,4.2625,459,0,0.05571408,0,0,0,0,"013949009983688"
2015-10-12 14:25:00,10,12,14,20.4,65.9,18.18,12.1825,4.2625,454,0,0.03188898,0,0,0,0,"013949009983688"
2015-10-12 16:25:00,10,12,16,20.2,69.8,17.49,12.0725,4.2625,449,0,0.03640964,0,0,0,0,"013949009983688"
2015-10-12 18:25:00,10,12,18,19.4,99.9,16.6,12.0175,4.2625,413,0,0.04697821,0,0,0,0,"013949009983688"
2015-10-12 20:25:00,10,12,20,17.9,99.9,16.1,11.9625,4.2625,122,0,0.0109962,0,1.576,0,0,"013949009983688"
2015-10-12 22:25:00,10,12,22,17,99.9,16.09,11.935,4.2625,122,0,0.00763625,0,0,0,0,"013949009983688"
2015-10-13 00:25:00,10,13,0,17,99.9,16.04,11.935,4.2625,124,0,0.00445957,0,0,0,0,"013949009983688"
2015-10-13 02:25:00,10,13,2,16.6,99.9,15.91,11.9075,4.2625,124,0,0.00054981,0,0,0,0,"013949009983688"
2015-10-13 04:25:00,10,13,4,16.4,99.9,15.91,11.9075,4.2625,122,0,0.00085526,0,0,0,0,"013949009983688"
2015-10-13 06:25:00,10,13,6,16.1,99.9,15.85,11.9075,4.2625,13,0,0.00830824,0,1.576,0,0,"013949009983688"
2015-10-13 08:26:00,10,13,8,15.9,99.9,16,11.88,4.2625,370,0,0.60075906,0,0,0,0,"013949009983688"
2015-10-13 10:26:00,10,13,10,17.79,99.9,16.19,11.935,4.2625,445,0,0.9420078,0,12.608,0,0,"013949009983688"
2015-10-13 12:26:00,10,13,12,17.5,99.9,17.16,12.0175,4.2625,448,0,0.17563375,0,1.576,0,0,"013949009983688"
2015-10-13 14:26:00,10,13,14,19.1,99.9,17.1,11.9075,4.2625,443,0,0.29714176,0,31.52,0,0,"013949009983688"
2015-10-13 16:26:00,10,13,16,17.4,99.9,17.19,11.9625,4.2625,445,0,0.0598682,0,25.216,0,0,"013949009983688"
2015-10-13 18:26:00,10,13,18,18.1,99.9,17.43,11.8525,4.2625,325,0,0.09921016,0,0,0,0,"013949009983688"
2015-10-13 20:26:00,10,13,20,18.2,99.9,16.9,11.8525,4.2625,114,0,0.12230218,0,0,0,0,"013949009983688"
2015-10-13 22:26:00,10,13,22,16.9,99.9,16.59,11.825,4.2625,114,0,0.01631103,0,0,0,0,"013949009983688"
2015-10-14 02:26:00,10,14,2,17.1,99.9,16.25,11.825,4.2625,118,0,0.27710424,0,1.576,0,0,"013949009983688"
2015-10-14 04:26:00,10,14,4,16.7,99.9,16.16,11.7975,4.2625,117,0,0.08296022,0,4.728,0,0,"013949009983688"
2015-10-14 06:26:00,10,14,6,16.79,99.9,16.04,11.825,4.2625,12,0,0.12877772,0,0,0,0,"013949009983688"
2015-10-14 08:26:00,10,14,8,16.5,99.9,16.03,11.7975,4.2625,439,0,0.25450094,0,0,0,0,"013949009983688"
2015-10-14 10:26:00,10,14,10,17,99.9,16.33,11.825,4.2625,440,0,0.1295108,0,0,0,0,"013949009983688"
2015-10-14 12:26:00,10,14,12,17.9,99.9,16.92,11.88,4.2625,442,0,0.20397951,0,0,0,0,"013949009983688"
2015-10-14 14:26:00,10,14,14,18.9,99.9,16.94,11.935,4.2625,445,0,0.13555871,0,0,0,0,"013949009983688"
2015-10-14 16:27:00,10,14,16,17.9,99.9,17.42,11.99,4.2625,447,0,0.11338304,0,0,0,0,"013949009983688"
2015-10-14 18:27:00,10,14,18,19.79,99.9,17.3,11.8525,4.2625,358,0,0.0372649,0,0,0,0,"013949009983688"
2015-10-14 20:27:00,10,14,20,17.29,99.9,16.54,11.825,4.2625,113,0,0.02529126,0,0,0,0,"013949009983688"
2015-10-14 22:27:00,10,14,22,16.5,99.9,16.1,11.7425,4.2625,112,0,0.00219924,0,6.304,0,0,"013949009983688"
2015-10-15 00:27:00,10,15,0,16,99.9,15.8,11.7425,4.2625,112,0,0.20349079,0,1.576,0,0,"013949009983688"
2015-10-15 02:27:00,10,15,2,16.1,99.9,15.78,11.77,4.2625,113,0,0.0409303,0,1.576,0,0,"013949009983688"
2015-10-15 04:27:00,10,15,4,16.1,99.9,15.55,11.715,4.2625,115,0,0.03537111,0,1.576,0,0,"013949009983688"
2015-10-15 06:27:00,10,15,6,15.6,99.9,15.02,11.715,4.2625,10,0,0.08974121,0,0,0,0,"013949009983688"
2015-10-15 08:27:00,10,15,8,15,99.9,14,11.6875,4.2625,435,0,0.20202463,0,0,0,0,"013949009983688"
2015-10-15 10:27:00,10,15,10,13.8,99.9,14.11,12.0175,4.29,449,0,0.281014,0,0,0,0,"013949009983688"
2015-10-15 12:27:00,10,15,12,15.8,99.9,14.5,11.9075,4.2625,443,0,0.18724085,0,0,0,0,"013949009983688"
2015-10-15 14:27:00,10,15,14,14.7,92.5,14.78,12.045,4.2625,449,0,0.11955313,0,0,0,0,"013949009983688"
2015-10-15 16:27:00,10,15,16,16.1,77,15.11,11.99,4.2625,446,0,0.05229304,0,0,0,0,"013949009983688"
2015-10-15 18:27:00,10,15,18,16.4,75.8,14.65,11.825,4.29,366,0,0.03634855,0,0,0,0,"013949009983688"
2015-10-15 20:28:00,10,15,20,15.2,95.5,14.17,11.77,4.2625,121,0,0.01203473,0,4.728,0,0,"013949009983688"
2015-10-15 22:28:00,10,15,22,14,99.9,13.57,11.6875,4.2625,124,0,0.1270672,0,1.576,0,0,"013949009983688"
2015-10-16 00:28:00,10,16,0,13.4,99.9,12.22,11.715,4.2625,122,0,0.47418058,0,0,0,0,"013949009983688"
2015-10-16 02:28:00,10,16,2,12.9,99.9,11.73,11.715,4.2625,124,0,0.48004522,0,0,0,0,"013949009983688"
2015-10-16 04:28:00,10,16,4,13.2,99.9,11.37,11.715,4.29,125,0,0.34607485,0,1.576,0,0,"013949009983688"
2015-10-16 06:28:00,10,16,6,12.4,99.9,10.54,11.6875,4.2625,10,0,0.21662514,0,26.792,0,0,"013949009983688"
2015-10-16 08:28:00,10,16,8,10.2,99.9,10.2,11.715,4.2625,437,0,0.15449661,0,1.576,0,0,"013949009983688"
2015-10-16 10:28:00,10,16,10,10.7,99.9,10.85,11.935,4.29,446,0,0.16152196,0,1.576,0,0,"013949009983688"
2015-10-16 12:28:00,10,16,12,12.9,99.9,12.79,11.8525,4.2625,443,0,0.18595796,0,0,0,0,"013949009983688"
2015-10-16 14:28:00,10,16,14,14.5,99.9,13.41,11.99,4.29,448,0,0.08625908,0,0,0,0,"013949009983688"
2015-10-16 16:28:00,10,16,16,15.5,84.1,13.55,11.825,4.2625,441,0,0.10586897,0,0,0,0,"013949009983688"
2015-10-16 18:28:00,10,16,18,16.1,62.2,13.43,11.715,4.2625,415,0,0.09108519,0,0,0,0,"013949009983688"
2015-10-16 20:28:00,10,16,20,14.9,71.6,12.04,11.6875,4.2625,125,0,0.02920102,0,0,0,0,"013949009983688"
2015-10-16 22:28:00,10,16,22,12.5,99.9,11.22,11.6325,4.2625,128,0,0.0397085,0,0,0,0,"013949009983688"
2015-10-17 00:28:00,10,17,0,11.2,99.9,11,11.5775,4.2625,123,0,0.01172928,0,0,0,0,"013949009983688"
2015-10-17 02:28:00,10,17,2,11.4,99.9,11.01,11.55,4.2625,124,0,0.0042763,0,1.576,0,0,"013949009983688"
2015-10-17 04:28:00,10,17,4,11.3,99.9,10.84,11.5775,4.2625,124,0,0.02437491,0,7.88,0,0,"013949009983688"
2015-10-17 06:28:00,10,17,6,11.1,99.9,10.89,11.5775,4.2625,9,0,0.00965222,0,0,0,0,"013949009983688"
2015-10-17 08:28:00,10,17,8,11,99.9,10.87,11.605,4.2625,433,0,0.0054981,0,0,0,0,"013949009983688"
2015-10-17 10:28:00,10,17,10,10.9,99.9,12.1,11.88,4.2625,445,0,0.03078936,0,0,0,0,"013949009983688"
2015-10-17 12:29:00,10,17,12,13.3,99.9,13.34,11.9075,4.2625,444,0,0.05039925,0,0,0,0,"013949009983688"
2015-10-17 14:29:00,10,17,14,14.5,99.9,13.74,11.825,4.2625,440,0,0.0861369,0,0,0,0,"013949009983688"
2015-10-17 16:29:00,10,17,16,16.29,97.6,14.03,11.715,4.2625,437,0,0.0659772,0,0,0,0,"013949009983688"
2015-10-17 18:29:00,10,17,18,16.9,83.2,13.94,11.66,4.2625,371,0,0.01295108,0,0,0,0,"013949009983688"
2015-10-17 20:29:00,10,17,20,15.5,99.9,13.2,11.605,4.2625,122,0,0.00922459,0,0,0,0,"013949009983688"
2015-10-17 22:29:00,10,17,22,13.5,99.9,11.96,11.5775,4.2625,126,0,0.01899899,0,0,0,0,"013949009983688"
2015-10-18 02:29:00,10,18,2,11,99.9,11.17,11.5225,4.2625,125,0,0.00537592,0,0,0,0,"013949009983688"
2015-10-18 04:29:00,10,18,4,11.5,99.9,11.1,11.5225,4.2625,128,0,0.00128289,0,0,0,0,"013949009983688"
2015-10-18 06:29:00,10,18,6,11,99.9,10.89,11.4675,4.2625,8,0,0.00177161,0,0,0,0,"013949009983688"
2015-10-18 08:29:00,10,18,8,10.5,99.9,10.93,11.55,4.2625,431,0,0.00158834,0,0,0,0,"013949009983688"
2015-10-18 10:30:00,10,18,10,11.6,99.9,12.25,11.88,4.2625,444,0,0.0226033,0,0,0,0,"013949009983688"
2015-10-18 12:30:00,10,18,12,13.4,99.9,13.54,11.99,4.2625,448,0,0.02480254,0,0,0,0,"013949009983688"
2015-10-18 14:30:00,10,18,14,17,99.9,15.08,11.935,4.2625,445,0,0.04783347,0,0,0,0,"013949009983688"
2015-10-18 16:30:00,10,18,16,18.2,78.1,15.65,11.77,4.2625,439,0,0.07837847,0,0,0,0,"013949009983688"
2015-10-18 18:30:00,10,18,18,17.9,81.19,15.33,11.66,4.2625,217,0,0.0091635,0,1.576,0,0,"013949009983688"
2015-10-18 20:30:00,10,18,20,15.5,99.9,14.68,11.5225,4.2625,122,0,0.00152725,0,1.576,0,0,"013949009983688"
2015-10-18 22:30:00,10,18,22,14.6,99.9,14.32,11.4675,4.2625,121,0,0.00635336,0,1.576,0,0,"013949009983688"
2015-10-19 00:30:00,10,19,0,14.3,99.9,13.98,11.495,4.2625,118,0,0.0012218,0,0,0,0,"013949009983688"
2015-10-19 02:30:00,10,19,2,13.8,99.9,13.8,11.44,4.2625,118,0,0.01117947,0,3.152,0,0,"013949009983688"
2015-10-19 04:31:00,10,19,4,13.8,99.9,13.73,11.4125,4.2625,119,0,0.0006109,0,4.728,0,0,"013949009983688"
2015-10-19 06:31:00,10,19,6,13.8,99.9,13.72,11.3575,4.2625,10,0,0.00097744,0,1.576,0,0,"013949009983688"
2015-10-19 08:31:00,10,19,8,13.6,99.9,13.72,11.3025,4.2625,420,0,0.00256578,0,0,0,0,"013949009983688"
2015-10-19 10:31:00,10,19,10,13.7,99.9,14.26,11.9075,4.2625,445,0,0.01398961,0,0,0,0,"013949009983688"
2015-10-19 12:31:00,10,19,12,16.4,99.9,15.5,11.8525,4.2625,443,0,0.03158353,0,0,0,0,"013949009983688"
2015-10-19 14:31:00,10,19,14,18,99.9,15.93,11.6325,4.2625,433,0,0.177161,0,0,0,0,"013949009983688"
2015-10-19 16:31:00,10,19,16,19,74.3,15.87,11.4675,4.2625,426,0,0.27044543,0,0,0,0,"013949009983688"
2015-10-19 18:31:00,10,19,18,19.6,59.9,15.11,11.3575,4.2625,267,0,0.14093463,0,0,0,0,"013949009983688"
2015-10-19 20:31:00,10,19,20,17.4,73.6,13.79,11.11,4.2625,122,0,0.06011256,0,0,0,0,"013949009983688"
2015-10-19 22:31:00,10,19,22,14.9,83,12.46,9.68,4.2625,125,0,0.03537111,0,0,0,0,"013949009983688"
